Date,Open,High,Low,Close,Ma10:Top:Line,Ma20:Top:Line,Ma50:Top:Line,Ma150:Top:Line,Ma200:Top:Line,Supertrend:Top:ColorLine,Supertrend_Dir,ParabolicSAR:Top:ColorLine,ParabolicSAR_Dir,Volume:Middle:Histogram,Vo50:Middle:Line,Macd:Bottom:Line,MacdSignal:Bottom:Line,MacdDelta:Bottom:Histogram,RsRating:Hidden:Hidden
2024-04-25,38.60,40.00,35.94,37.00,,,,,,,0,40.0000,0,687471,,,,,0
2024-04-26,38.30,38.88,35.88,38.00,,,,,,,0,40.0000,0,193861,,,,,0
2024-04-29,36.17,36.94,34.90,35.00,,,,,,,0,40.0000,0,100576,,,,,0
2024-04-30,35.00,35.10,32.00,32.02,,,,,,,0,39.7960,0,151205,,,,,0
2024-05-01,32.18,33.63,31.96,32.84,,,,,,,0,39.3282,0,146906,,,,,0
2024-05-02,33.02,34.22,32.00,33.91,,,,,,,0,38.7388,0,29149,,,,,0
2024-05-03,34.54,34.95,32.03,32.75,,,,,,,0,38.1965,0,36867,,,,,0
2024-05-06,32.81,34.87,31.98,34.87,,,,,,,0,37.6976,0,45540,,,,,0
2024-05-07,34.59,35.30,33.44,33.77,,,,,,,0,37.2386,0,38866,,,,,0
2024-05-08,33.47,33.75,33.22,33.57,34.37,,,,,41.0975,0,36.8163,0,23667,,,,,0
2024-05-09,33.42,33.83,32.81,33.60,34.03,,,,,40.4773,0,36.4278,0,17012,,,,,0
2024-05-10,33.90,34.53,33.47,33.52,33.58,,,,,40.4773,0,36.0703,0,20487,,,,,0
2024-05-13,33.34,33.73,32.67,32.79,33.36,,,,,39.6016,0,35.7415,0,16024,,,,,0
2024-05-14,33.20,34.27,32.88,33.98,33.56,,,,,39.6016,0,35.4390,0,23365,,,,,0
2024-05-15,34.18,34.89,33.72,34.36,33.71,,,,,39.6016,0,35.1607,0,19537,,,,,0
2024-05-16,34.40,35.71,34.11,34.86,33.81,,,,,39.6016,0,31.9600,1,25915,,,,,0
2024-05-17,34.86,36.57,34.51,36.57,34.19,,,,,39.6016,0,32.0350,1,39880,,,,,0
2024-05-20,36.70,37.40,35.51,36.07,34.31,,,,,39.6016,0,32.2164,1,39583,,,,,0
2024-05-21,36.10,36.21,35.05,35.38,34.47,,,,,39.6016,0,32.5274,1,15981,,,,,0
2024-05-22,35.46,35.94,33.80,33.97,34.51,34.44,,,,39.6016,0,32.8198,1,22240,,,,,0
2024-05-23,34.22,34.38,32.65,32.76,34.43,34.23,,,,39.1500,0,37.4000,0,25622,,,,,0
2024-05-24,32.82,34.26,32.82,33.56,34.43,34.01,,,,39.0611,0,37.3050,0,15968,,,,,0
2024-05-28,33.85,34.54,32.26,32.46,34.40,33.88,,,,39.0523,0,37.2119,0,22534,,,,,0
2024-05-29,32.20,33.28,31.84,33.02,34.30,33.93,,,,38.0776,0,37.0140,0,19594,,,,,0
2024-05-30,32.75,32.91,29.40,30.26,33.89,33.80,,,,37.2073,0,36.7035,0,36245,,,,,0
2024-05-31,30.70,30.98,29.24,30.48,33.45,33.63,,,,36.0792,0,36.1192,0,36201,,,,,0
2024-06-03,30.50,31.59,30.50,30.81,32.88,33.53,,,,36.0792,0,35.4314,0,19792,,,,,0
2024-06-04,30.54,31.80,30.40,30.75,32.35,33.33,,,,36.0792,0,34.8124,0,18674,,,,,0
2024-06-05,31.02,31.47,30.40,31.40,31.95,33.21,,,,36.0792,0,34.2552,0,13263,,,,,0
2024-06-06,32.00,33.67,31.75,33.28,31.88,33.19,,,,36.0792,0,33.7538,0,37836,,,,,0
2024-06-07,33.28,34.13,32.68,33.83,31.99,33.21,,,,36.0792,0,29.2410,1,22199,,,,,0
2024-06-10,33.88,36.19,33.87,35.76,32.20,33.32,,,,36.0792,0,29.3388,1,34119,,,,,0
2024-06-11,35.62,36.41,35.09,35.26,32.48,33.44,,,,36.0792,0,29.6128,1,66881,,,,,0
2024-06-12,36.57,36.90,31.69,32.12,32.39,33.35,,,,36.0792,0,30.0207,1,130619,,-0.3438,-0.8138,0.4700,0
2024-06-13,32.76,33.44,30.78,31.11,32.48,33.19,,,,36.0792,0,30.5710,1,39625,,-0.4844,-0.7479,0.2636,0
2024-06-14,30.49,32.55,29.65,32.50,32.68,33.07,,,,36.0792,0,36.9000,0,40788,,-0.4780,-0.6940,0.2159,0
2024-06-17,32.21,32.27,30.81,31.07,32.71,32.79,,,,36.0792,0,36.7550,0,28653,,-0.5817,-0.6715,0.0898,0
2024-06-18,30.99,31.16,30.52,30.65,32.70,32.52,,,,36.0792,0,36.6129,0,16953,,-0.6898,-0.6752,-0.0146,0
2024-06-20,30.57,30.57,29.52,29.67,32.52,32.24,,,,35.9036,0,36.4736,0,35260,,-0.8448,-0.7091,-0.1357,0
2024-06-21,29.94,30.25,28.34,28.65,32.06,31.97,,,,35.1407,0,36.1955,0,94004,,-1.0380,-0.7749,-0.2631,0
2024-06-24,28.54,30.51,28.35,30.16,31.69,31.84,,,,35.1407,0,35.7242,0,33508,,-1.0571,-0.8313,-0.2258,0
2024-06-25,29.98,30.96,29.51,30.37,31.16,31.68,,,,35.1407,0,35.2811,0,19179,,-1.0432,-0.8737,-0.1695,0
2024-06-26,30.05,30.54,29.12,29.72,30.60,31.54,,,,35.1407,0,34.8647,0,26082,,-1.0723,-0.9134,-0.1589,0
2024-06-27,29.48,30.73,29.23,30.65,30.45,31.42,,,,35.1407,0,34.4732,0,16857,,-1.0087,-0.9325,-0.0762,0
2024-06-28,30.65,31.50,30.11,30.66,30.41,31.44,,,,35.1407,0,34.1052,0,49375,,-0.9466,-0.9353,-0.0113,0
2024-07-01,31.01,31.50,29.75,30.00,30.16,31.42,,,,35.1407,0,33.7593,0,33555,,-0.9398,-0.9362,-0.0036,0
2024-07-02,30.15,30.52,29.54,29.90,30.04,31.38,,,,35.1390,0,33.4341,0,21854,,-0.9317,-0.9353,0.0036,0
2024-07-03,30.30,30.72,29.90,29.93,29.97,31.33,,,,35.1390,0,33.1285,0,34707,,-0.9124,-0.9307,0.0183,0
2024-07-05,30.00,32.80,30.00,32.76,30.28,31.40,,,,35.1390,0,32.8412,0,53327,,-0.6611,-0.8768,0.2157,0
2024-07-08,32.64,32.99,31.85,32.01,30.62,31.34,32.69,,,35.1390,0,28.3400,1,25352,55255,-0.5165,-0.8047,0.2882,0
2024-07-09,32.22,33.00,31.45,32.65,30.86,31.28,32.60,,,35.1390,0,28.4330,1,33904,42184,-0.3463,-0.7130,0.3668,0
2024-07-10,32.90,33.22,32.16,33.19,31.15,31.15,32.50,,,35.1390,0,28.6157,1,18951,38686,-0.1659,-0.6036,0.4377,0
2024-07-11,33.51,34.12,32.80,32.99,31.47,31.04,32.46,,,35.1390,0,28.8919,1,26880,37212,-0.0386,-0.4906,0.4520,0
2024-07-12,33.00,33.89,32.52,33.85,31.79,31.12,32.50,,,35.1390,0,29.3102,1,19714,34582,0.1301,-0.3665,0.4966,0
2024-07-15,34.47,35.46,34.09,34.29,32.16,31.28,32.53,,,35.1390,0,29.6950,1,42057,32485,0.2960,-0.2340,0.5299,0
2024-07-16,34.36,34.62,33.73,34.00,32.56,31.36,32.53,,,35.1390,0,30.2715,1,36791,32638,0.3994,-0.1073,0.5067,0
2024-07-17,33.48,34.86,33.30,34.74,33.04,31.54,32.57,,,35.1390,0,30.7903,1,29275,32486,0.5349,0.0211,0.5138,0
2024-07-18,34.95,35.25,33.58,34.00,33.45,31.71,32.55,,,35.1390,0,31.2573,1,24993,32075,0.5759,0.1321,0.4438,0
2024-07-19,34.00,34.42,33.32,33.86,33.56,31.92,32.56,,,35.1390,0,31.6776,1,25774,31813,0.5904,0.2238,0.3666,0
2024-07-22,34.00,34.56,33.51,34.54,33.81,32.21,32.58,,,35.1390,0,32.0558,1,11374,31567,0.6492,0.3088,0.3403,0
2024-07-23,34.56,36.42,34.32,36.41,34.19,32.53,32.63,,,30.8680,1,32.3962,1,29412,31815,0.8370,0.4145,0.4226,0
2024-07-24,36.09,36.47,34.61,35.00,34.37,32.76,32.66,,,30.9290,1,32.8797,1,35665,32119,0.8622,0.5040,0.3582,0
2024-07-25,34.65,35.48,33.66,34.42,34.51,32.99,32.69,,,30.9290,1,33.3830,1,29632,32391,0.8258,0.5684,0.2574,0
2024-07-26,35.00,35.27,34.04,34.71,34.60,33.20,32.71,,,30.9290,1,33.6600,1,18795,32300,0.8110,0.6169,0.1941,0
2024-07-29,35.00,36.16,34.53,34.60,34.63,33.39,32.71,,,30.9290,1,33.6600,1,20379,32316,0.7814,0.6498,0.1316,0
2024-07-30,34.64,36.85,34.64,36.61,34.89,33.72,32.75,,,30.9290,1,34.0400,1,37697,32552,0.9097,0.7018,0.2079,0
2024-07-31,36.93,38.50,36.76,37.20,35.13,34.09,32.76,,,32.7101,1,34.4888,1,43003,32615,1.0469,0.7708,0.2761,0
2024-08-01,37.14,37.46,34.52,34.58,35.19,34.32,32.73,,,32.7101,1,38.5000,0,41468,32652,0.9334,0.8033,0.1301,0
2024-08-02,33.88,33.94,30.81,31.05,34.91,34.24,32.64,,,38.2849,0,38.5000,0,36229,33057,0.5523,0.7531,-0.2008,0
2024-08-05,28.99,30.75,28.60,30.05,34.46,34.14,32.57,,,35.7289,0,38.1924,0,35997,33332,0.1676,0.6360,-0.4684,0
2024-08-06,30.81,31.07,29.66,30.96,33.92,34.05,32.53,,,35.7289,0,37.6169,0,26833,33357,-0.0631,0.4962,-0.5593,0
2024-08-07,31.59,31.86,30.71,31.09,33.53,33.95,32.48,,,35.7289,0,37.0758,0,29365,33625,-0.2327,0.3504,-0.5831,0
2024-08-08,31.47,32.03,30.28,31.49,33.23,33.87,32.46,,,35.7289,0,36.5673,0,17678,33527,-0.3311,0.2141,-0.5452,0
2024-08-09,31.26,32.46,30.97,31.75,32.94,33.77,32.44,,,35.7289,0,36.0893,0,20584,33547,-0.3836,0.0946,-0.4782,0
2024-08-12,31.75,31.94,31.01,31.29,32.61,33.62,32.46,,,35.7289,0,35.6399,0,11008,33042,-0.4571,-0.0158,-0.4414,0
2024-08-13,31.98,32.73,31.52,32.11,32.16,33.52,32.49,,,35.7289,0,35.2175,0,19398,32706,-0.4441,-0.1014,-0.3427,0
2024-08-14,32.30,32.59,31.69,31.71,31.61,33.37,32.51,,,35.7289,0,34.8205,0,25850,32828,-0.4607,-0.1733,-0.2874,0
2024-08-15,32.11,33.65,32.00,33.62,31.51,33.35,32.56,,,35.7289,0,34.4472,0,42563,33305,-0.3161,-0.2019,-0.1143,0
2024-08-16,33.66,34.86,33.15,33.41,31.75,33.33,32.60,,,35.7289,0,28.6000,1,32374,33688,-0.2160,-0.2047,-0.0113,0
2024-08-19,33.75,36.37,33.75,35.86,32.33,33.40,32.66,,,29.6827,1,28.7252,1,43236,33796,0.0604,-0.1517,0.2120,0
2024-08-20,35.76,36.25,35.39,35.95,32.83,33.37,32.70,,,30.7247,1,29.0308,1,16817,33688,0.2834,-0.0647,0.3480,0
2024-08-21,36.20,36.72,35.16,36.36,33.36,33.44,32.71,,,30.8862,1,29.3242,1,32789,33661,0.4876,0.0458,0.4418,0
2024-08-22,36.50,36.96,36.00,36.17,33.82,33.53,32.73,,,31.6436,1,29.7679,1,26672,32857,0.6268,0.1620,0.4648,0
2024-08-23,36.23,37.00,34.80,34.95,34.14,33.54,32.79,,,31.6436,1,30.3433,1,27943,30804,0.6315,0.2559,0.3756,0
2024-08-26,35.45,35.86,34.94,35.59,34.57,33.59,32.87,,,31.6436,1,31.0090,1,21493,30441,0.6790,0.3405,0.3385,0
2024-08-27,35.53,35.90,35.18,35.42,34.90,33.53,32.93,,,31.6436,1,31.6081,1,13183,29889,0.6949,0.4114,0.2835,0
2024-08-28,35.17,35.26,33.45,34.21,35.15,33.38,33.00,,,31.6436,1,32.1472,1,25350,29823,0.6029,0.4497,0.1532,0
2024-08-29,34.43,35.20,33.64,33.77,35.17,33.34,33.06,,,31.6436,1,32.6325,1,15345,29791,0.4889,0.4575,0.0314,0
2024-08-30,34.00,34.99,34.00,34.82,35.31,33.53,33.16,,,31.6436,1,33.0693,1,49295,30071,0.4777,0.4616,0.0162,0
2024-09-03,34.32,35.08,32.77,32.86,35.01,33.67,33.25,,,31.6436,1,37.0000,0,20472,28601,0.3072,0.4307,-0.1235,0
2024-09-04,32.61,33.41,31.83,32.63,34.68,33.75,33.30,,,31.6436,1,36.9154,0,18622,28303,0.1518,0.3749,-0.2232,0
2024-09-05,32.61,32.97,32.01,32.14,34.26,33.81,33.33,,,31.6436,1,36.7122,0,20447,28328,-0.0109,0.2978,-0.3086,0
2024-09-06,32.18,32.62,30.64,30.72,33.71,33.77,33.35,,,36.3654,0,36.5171,0,32019,28447,-0.2514,0.1879,-0.4393,0
2024-09-09,31.00,32.43,30.84,32.06,33.42,33.78,33.38,,,36.3654,0,36.1645,0,99758,30105,-0.3301,0.0843,-0.4144,0
2024-09-10,29.85,31.75,29.18,31.58,33.02,33.80,33.40,,,35.6264,0,35.8330,0,129431,31706,-0.4263,-0.0178,-0.4085,0
2024-09-11,30.96,33.90,30.58,33.50,32.83,33.87,33.47,,,35.6264,0,35.3008,0,179831,34632,-0.3437,-0.0830,-0.2607,0
2024-09-12,31.95,32.24,30.24,30.75,32.48,33.82,33.48,,,35.6264,0,34.8111,0,162132,37437,-0.4944,-0.1653,-0.3291,0
2024-09-13,30.93,31.00,30.09,30.50,32.16,33.66,33.50,,,35.6264,0,34.3606,0,99927,38742,-0.6267,-0.2576,-0.3692,0
2024-09-16,31.49,31.74,30.76,31.38,31.81,33.56,33.47,,,35.6264,0,33.9462,0,98169,39639,-0.6531,-0.3367,-0.3165,0
2024-09-17,31.00,32.45,30.36,32.24,31.75,33.38,33.47,,,35.6264,0,33.5649,0,110751,41347,-0.5977,-0.3889,-0.2089,0
2024-09-18,31.90,32.23,31.10,31.54,31.64,33.16,33.45,,,35.6264,0,33.2141,0,93939,42547,-0.6034,-0.4318,-0.1716,0
2024-09-19,32.29,33.13,32.18,32.70,31.70,32.98,33.44,,,35.6264,0,29.1800,1,108309,44334,-0.5084,-0.4471,-0.0613,0
2024-09-20,32.25,33.72,31.92,33.29,31.95,32.83,33.45,,,35.6264,0,29.2590,1,340946,50616,-0.3811,-0.4339,0.0528,0
2024-09-23,32.89,33.61,32.66,33.37,32.09,32.75,33.44,,,35.6264,0,29.4374,1,42787,51077,-0.2706,-0.4013,0.1306,0
2024-09-24,33.62,33.82,33.19,33.55,32.28,32.65,33.42,,,35.6264,0,29.6087,1,44353,51123,-0.1667,-0.3543,0.1877,0
2024-09-25,33.62,33.67,31.09,31.52,32.08,32.46,33.37,,,35.6264,0,29.8614,1,91241,52212,-0.2452,-0.3325,0.0873,0
2024-09-26,31.58,31.93,30.35,31.74,32.18,32.33,33.31,,,35.6264,0,30.0989,1,85212,53331,-0.2865,-0.3233,0.0368,0
2024-09-27,31.75,32.33,31.05,31.96,32.33,32.24,33.27,,,35.6264,0,30.3222,1,81111,54453,-0.2979,-0.3182,0.0203,0
2024-09-30,31.96,32.39,31.26,32.15,32.41,32.11,33.24,,,35.6264,0,30.3500,1,64975,55237,-0.2884,-0.3123,0.0239,0
2024-10-01,31.93,31.95,30.67,31.36,32.32,32.03,33.17,,,35.6264,0,30.5582,1,63228,56274,-0.3406,-0.3179,-0.0227,0
2024-10-02,31.25,31.71,30.36,31.39,32.30,31.97,33.07,,,35.6264,0,33.8200,0,41645,56519,-0.3753,-0.3294,-0.0459,0
2024-10-03,31.27,32.89,31.01,32.60,32.29,32.00,33.03,,,35.6264,0,33.7508,0,61823,57042,-0.3016,-0.3238,0.0222,0
2024-10-04,32.86,33.30,32.00,33.19,32.28,32.12,33.00,,,35.6264,0,33.6830,0,84970,58149,-0.1934,-0.2978,0.1043,0
2024-10-07,32.95,33.20,32.53,32.95,32.24,32.16,32.97,,,35.6264,0,33.6165,0,38242,58538,-0.1256,-0.2633,0.1377,0
2024-10-08,33.00,35.09,32.73,34.63,32.35,32.32,32.97,,,35.6264,0,30.3600,1,125187,60634,0.0630,-0.1981,0.2611,0
2024-10-09,34.84,36.00,34.62,35.99,32.80,32.44,32.95,,,30.6917,1,30.4546,1,94035,61761,0.3185,-0.0947,0.4133,0
2024-10-10,35.62,38.93,35.62,38.71,33.49,32.84,32.98,,,32.1261,1,30.6764,1,177764,64456,0.7321,0.0706,0.6615,0
2024-10-11,38.73,40.36,38.47,39.54,34.25,33.29,33.08,,,34.2126,1,31.1718,1,136654,66360,1.1140,0.2793,0.8347,0
2024-10-14,39.55,39.91,38.90,39.26,34.96,33.68,33.25,,,34.4223,1,31.9069,1,54308,66721,1.3781,0.4991,0.8791,0
2024-10-15,39.26,40.04,38.93,39.13,35.74,34.03,33.43,,,34.6662,1,32.5831,1,61681,67235,1.5590,0.7111,0.8480,0
2024-10-16,39.32,39.42,38.29,38.87,36.49,34.39,33.59,,,34.6662,1,33.2053,1,37521,67449,1.6622,0.9013,0.7609,0
2024-10-17,39.00,40.75,38.62,39.48,37.18,34.73,33.76,,,34.8377,1,33.7776,1,73405,68329,1.7728,1.0756,0.6972,0
2024-10-18,39.71,41.33,39.17,39.54,37.81,35.05,33.92,,,35.2394,1,34.4749,1,89008,69756,1.8440,1.2293,0.6148,0
2024-10-21,39.66,39.98,38.16,38.52,38.37,35.30,34.05,,,35.2394,1,35.2975,1,48389,70312,1.7975,1.3429,0.4545,0
2024-10-22,38.52,38.92,37.65,38.61,38.77,35.56,34.20,,,35.2394,1,36.0214,1,65861,71409,1.7477,1.4239,0.3238,0
2024-10-23,38.30,38.56,37.38,37.69,38.93,35.87,34.31,,,35.2394,1,36.6584,1,29587,71613,1.6153,1.4622,0.1532,0
2024-10-24,37.79,39.12,37.67,38.91,38.95,36.22,34.45,,,35.2394,1,37.2190,1,42058,71937,1.5906,1.4878,0.1027,0
2024-10-25,39.34,40.79,39.11,39.40,38.94,36.60,34.57,,,35.2394,1,37.3800,1,59872,72283,1.5921,1.5087,0.0834,0
2024-10-28,39.40,41.00,39.40,40.58,39.07,37.02,34.71,,,35.3558,1,37.6700,1,40694,72450,1.6694,1.5408,0.1285,0
2024-10-29,41.07,43.95,40.80,42.60,39.42,37.58,34.85,,,37.0052,1,38.1092,1,126620,74117,1.8720,1.6071,0.2649,0
2024-10-30,42.73,42.99,41.50,42.60,39.79,38.14,34.98,,,37.0052,1,38.9269,1,52228,74826,2.0094,1.6875,0.3218,0
2024-10-31,42.71,42.96,41.05,41.26,39.97,38.57,35.08,,,37.0052,1,39.6301,1,35690,74884,1.9872,1.7475,0.2398,0
2024-11-01,41.44,41.94,41.02,41.38,40.15,38.98,35.18,,,37.0052,1,40.2349,1,45957,75269,1.9568,1.7893,0.1675,0
2024-11-04,41.00,42.15,40.98,41.52,40.45,39.41,35.31,,,37.0052,1,40.7550,1,36135,75433,1.9218,1.8158,0.1060,0
2024-11-05,41.50,42.45,41.18,41.55,40.75,39.76,35.43,,,37.0118,1,40.9800,1,27743,75558,1.8749,1.8277,0.0473,0
2024-11-06,42.99,44.13,42.81,43.29,41.31,40.12,35.59,,,38.3740,1,40.9800,1,55433,76403,1.9556,1.8533,0.1024,0
2024-11-07,43.60,44.98,43.30,44.47,41.87,40.41,35.80,,,39.0466,1,41.1800,1,57202,77040,2.0907,1.9007,0.1900,0
2024-11-08,44.30,45.09,43.80,44.76,42.40,40.67,36.02,,,39.4739,1,41.8640,1,66795,78069,2.1958,1.9598,0.2361,0
2024-11-11,45.22,45.90,43.48,44.32,42.77,40.92,36.21,,,39.4900,1,42.5092,1,44976,77983,2.2181,2.0114,0.2066,0
2024-11-12,43.95,45.00,43.63,44.81,43.00,41.21,36.44,,,39.4900,1,43.1874,1,42614,78426,2.2493,2.0590,0.1903,0
2024-11-13,45.00,45.61,43.65,44.58,43.19,41.49,36.68,,,39.4900,1,43.4800,1,62697,79307,2.2298,2.0932,0.1366,0
2024-11-14,44.52,45.16,43.44,44.50,43.52,41.74,36.93,,,39.4900,1,45.9000,0,37224,79643,2.1827,2.1111,0.0717,0
2024-11-15,44.07,44.68,42.01,43.24,43.70,41.93,37.18,,,39.4900,1,45.8508,0,70369,80410,2.0205,2.0929,-0.0725,0
2024-11-18,43.61,44.29,43.08,43.83,43.94,42.20,37.42,,,39.4900,1,45.6972,0,32877,79072,1.9174,2.0578,-0.1405,0
2024-11-19,43.26,44.28,42.50,44.21,44.20,42.48,37.67,,,39.4900,1,45.5497,0,33436,77152,1.8450,2.0153,-0.1702,0
2024-11-20,45.00,45.49,43.76,45.15,44.39,42.85,37.90,,,39.4900,1,42.0100,1,41714,74390,1.8424,1.9807,-0.1383,0
2024-11-21,46.00,49.73,46.00,49.12,44.85,43.36,38.27,,,41.7492,1,42.0796,1,90788,72963,2.1359,2.0117,0.1242,0
2024-11-22,49.38,51.58,49.37,51.05,45.48,43.94,38.68,,,44.2328,1,42.3856,1,87474,72714,2.4956,2.1085,0.3871,0
2024-11-25,51.08,52.75,49.85,50.39,46.09,44.43,39.06,,,44.8120,1,42.9373,1,105965,72870,2.6963,2.2261,0.4702,0
2024-11-26,50.27,51.30,49.77,50.02,46.61,44.80,39.42,35.19,,44.8120,1,43.7223,1,48965,71634,2.7932,2.3395,0.4538,0
2024-11-27,50.06,50.77,48.94,49.66,47.12,45.16,39.78,35.28,,44.8120,1,44.4445,1,35641,70468,2.8087,2.4333,0.3753,0
2024-11-29,50.07,51.99,50.06,50.82,47.75,45.63,40.14,35.36,,44.8120,1,45.1090,1,26345,68829,2.8813,2.5229,0.3584,0
2024-12-02,51.10,51.80,49.28,49.43,48.37,46.04,40.46,35.46,,44.8120,1,45.7202,1,54714,63104,2.7945,2.5772,0.2172,0
2024-12-03,48.69,51.17,48.15,50.93,49.08,46.51,40.82,35.58,,44.8120,1,46.2826,1,65048,63549,2.8143,2.6246,0.1896,0
2024-12-04,51.51,54.00,51.32,52.62,49.92,47.06,41.20,35.72,,45.7211,1,46.8000,1,119895,65060,2.9325,2.6862,0.2463,0
2024-12-05,52.30,54.90,52.02,53.66,50.77,47.58,41.64,35.85,,46.3509,1,47.5200,1,211442,67464,3.0747,2.7639,0.3108,0
2024-12-06,65.68,72.66,62.06,64.63,52.32,48.59,42.30,36.06,,55.2619,1,48.4056,1,1115669,88073,4.0262,3.0164,1.0098,0
2024-12-09,63.94,70.18,63.35,69.79,54.19,49.84,43.05,36.29,,55.2619,1,51.8012,1,409402,94639,5.1374,3.4406,1.6968,0
2024-12-10,69.50,73.90,67.65,69.23,56.08,51.08,43.80,36.53,,57.2564,1,54.7215,1,269249,98725,5.9047,3.9334,1.9713,0
2024-12-11,69.71,72.08,69.41,70.42,58.12,52.36,44.58,36.78,,57.7233,1,57.7900,1,174466,100950,6.5336,4.4534,2.0801,0
2024-12-12,70.00,74.99,70.00,74.19,60.57,53.84,45.43,37.05,,59.2784,1,60.3676,1,200558,104128,7.2526,5.0133,2.2393,0
2024-12-13,71.14,72.69,69.68,72.18,62.71,55.23,46.22,37.30,,59.2784,1,62.9996,1,406713,111026,7.5729,5.5252,2.0477,0
2024-12-16,71.95,75.79,71.80,75.51,65.32,56.84,47.07,37.59,,60.6749,1,65.1579,1,306722,115461,8.0032,6.0208,1.9824,0
2024-12-17,75.00,75.22,71.87,72.97,67.52,58.30,47.87,37.85,,60.6749,1,67.2843,1,283861,120373,8.0465,6.4259,1.6205,0
2024-12-18,72.70,72.91,67.05,68.05,69.06,59.49,48.54,38.07,,60.6749,1,75.7900,0,368518,125240,7.5962,6.6600,0.9362,0
2024-12-19,68.84,70.42,65.10,66.98,70.40,60.58,49.16,38.29,,60.6749,1,75.6152,0,343025,130219,7.0715,6.7423,0.3292,0
2024-12-20,64.88,67.83,63.85,66.12,70.54,61.43,49.71,38.48,,60.6749,1,75.1946,0,549173,137648,6.5113,6.6961,-0.1848,0
2024-12-23,66.56,67.94,65.08,67.17,70.28,62.24,50.26,38.69,,60.6749,1,74.5139,0,164654,138208,6.0819,6.5732,-0.4914,0
2024-12-24,66.91,69.64,64.30,67.93,70.15,63.12,50.83,38.91,,60.6749,1,73.8741,0,117138,139464,5.7368,6.4059,-0.6692,0
2024-12-26,68.84,69.69,67.55,68.38,69.95,64.03,51.42,39.14,,60.6749,1,73.2726,0,117053,140572,5.4369,6.2121,-0.7752,0
2024-12-27,68.79,68.79,66.56,68.35,69.36,64.97,52.01,39.38,,60.6749,1,72.7073,0,148839,142798,5.1376,5.9972,-0.8596,0
2024-12-30,66.61,71.30,65.58,68.27,68.97,65.84,52.58,39.61,,60.6749,1,72.1758,0,254244,146415,4.8382,5.7654,-0.9272,0
2024-12-31,68.07,68.46,65.05,65.36,67.96,66.64,53.10,39.83,,60.6749,1,71.6763,0,112458,146884,4.3163,5.4756,-1.1593,0
2025-01-02,65.72,66.87,64.05,66.35,67.30,67.41,53.66,40.05,,60.6749,1,71.3000,0,109159,148099,3.9373,5.1679,-1.2307,0
2025-01-03,66.97,69.36,65.08,66.90,67.18,68.12,54.22,40.29,,60.6749,1,70.8530,0,174448,150271,3.6393,4.8622,-1.2229,0
2025-01-06,69.00,70.58,65.82,68.50,67.33,68.86,54.84,40.55,,60.6749,1,63.8500,1,228372,154247,3.4920,4.5882,-1.0962,0
2025-01-07,68.95,69.59,63.60,64.34,67.15,68.85,55.35,40.77,,60.6749,1,70.5800,0,203778,157481,3.0049,4.2715,-1.2666,0
2025-01-08,62.60,65.00,62.06,63.19,66.76,68.52,55.82,40.99,,60.6749,1,70.5800,0,146936,159222,2.4973,3.9167,-1.4193,0
2025-01-10,62.25,64.00,60.53,63.46,66.31,68.23,56.28,41.20,,60.6749,1,70.2392,0,120618,160821,2.0927,3.5519,-1.4592,0
2025-01-13,64.24,66.29,62.74,65.05,65.98,67.96,56.73,41.41,,60.6749,1,69.6566,0,169982,161688,1.8787,3.2173,-1.3385,0
2025-01-14,65.40,66.00,63.73,65.09,65.65,67.51,57.18,41.62,,60.6749,1,69.1091,0,113471,162913,1.6928,2.9124,-1.2195,0
2025-01-15,66.52,68.75,64.56,66.73,65.50,67.24,57.69,41.83,,60.6749,1,60.5300,1,168680,165573,1.6587,2.6616,-1.0029,0
2025-01-16,65.02,68.58,62.53,68.24,65.78,66.87,58.23,42.05,,60.6749,1,60.6944,1,165414,167962,1.7336,2.4760,-0.7425,0
2025-01-17,69.60,70.10,67.33,67.90,65.94,66.62,58.75,42.28,,60.6749,1,60.8555,1,299507,173229,1.7453,2.3299,-0.5846,0
2025-01-21,69.22,72.19,68.51,71.36,66.39,66.78,59.35,42.55,,60.6749,1,61.2253,1,174554,176165,2.0107,2.2660,-0.2554,0
2025-01-22,72.56,73.10,70.92,71.35,66.67,67.00,59.91,42.81,,60.6749,1,61.8832,1,112933,177315,2.1948,2.2518,-0.0570,0
2025-01-23,70.50,71.64,69.52,70.31,67.27,67.21,60.43,43.07,,60.6749,1,62.7805,1,122002,178611,2.2311,2.2477,-0.0165,0
2025-01-24,71.01,71.96,70.41,70.99,68.05,67.40,60.95,43.34,,60.8501,1,63.6061,1,84485,178965,2.2884,2.2558,0.0326,0
2025-01-27,68.36,73.28,67.40,69.01,68.60,67.46,61.45,43.60,,60.8501,1,64.3656,1,142920,180924,2.1493,2.2345,-0.0852,0
2025-01-28,70.46,74.50,69.02,73.19,69.42,67.70,62.01,43.90,,60.8501,1,65.2570,1,178503,183642,2.3492,2.2574,0.0917,0
2025-01-29,73.50,75.25,71.76,74.11,70.32,67.98,62.60,44.19,,62.0127,1,66.3662,1,170253,185793,2.5524,2.3164,0.2360,0
2025-01-30,74.51,76.21,72.80,74.03,71.05,68.27,63.20,44.49,,63.1390,1,67.6099,1,98874,187026,2.6762,2.3884,0.2878,0
2025-01-31,75.26,77.22,73.25,73.27,71.55,68.67,63.80,44.78,,63.8156,1,68.9859,1,107113,187761,2.6821,2.4471,0.2349,0
2025-02-03,70.19,71.81,68.74,70.87,71.85,68.89,64.34,45.04,,63.8156,1,77.2250,0,156899,190241,2.4646,2.4506,0.0140,0
2025-02-04,70.61,74.19,70.10,74.08,72.12,69.25,64.93,45.33,,63.8156,1,77.2250,0,158057,192734,2.5223,2.4650,0.0573,0
2025-02-05,74.50,75.98,73.88,75.59,72.54,69.61,65.54,45.64,,63.8156,1,77.0553,0,90383,193707,2.6591,2.5038,0.1553,0
2025-02-06,76.06,76.55,74.13,75.34,73.05,70.16,66.07,45.94,,64.5685,1,76.8890,0,108618,194064,2.7161,2.5463,0.1699,0
2025-02-07,75.55,79.05,74.14,74.49,73.40,70.72,66.54,46.24,,65.4276,1,68.7400,1,133501,194984,2.6620,2.5694,0.0926,0
2025-02-10,74.90,77.71,74.90,76.96,74.19,71.40,67.07,46.53,,65.4276,1,68.9462,1,173745,196340,2.7863,2.6128,0.1735,0
2025-02-11,76.10,76.78,72.52,72.90,74.16,71.79,67.52,46.80,43.28,65.4276,1,69.1483,1,143613,198233,2.5281,2.5958,-0.0678,0
2025-02-12,72.42,78.28,71.20,77.55,74.51,72.41,68.08,47.10,43.48,65.4276,1,69.3463,1,162126,200763,2.6679,2.6102,0.0576,0.00
2025-02-13,78.30,80.00,77.07,78.72,74.98,73.01,68.64,47.41,43.68,66.6306,1,69.5404,1,158629,203408,2.8403,2.6563,0.1841,0.00
2025-02-14,79.80,79.80,76.56,77.54,75.40,73.48,69.20,47.70,43.89,66.6306,1,69.9588,1,93164,204177,2.8490,2.6948,0.1542,0.00
2025-02-18,77.99,78.40,75.00,78.09,76.13,73.99,69.75,48.00,44.12,66.6306,1,70.3604,1,152588,205928,2.8671,2.7293,0.1379,0.00
2025-02-19,76.50,76.86,73.20,74.19,76.14,74.13,70.18,48.27,44.33,66.6306,1,70.7460,1,146681,206464,2.5376,2.6909,-0.1534,0.00
2025-02-20,73.50,73.55,68.58,72.22,75.80,74.17,70.55,48.52,44.52,66.6306,1,80.0000,0,179199,205819,2.0933,2.5714,-0.4781,0.00
2025-02-21,71.03,72.70,69.19,69.70,75.24,74.14,70.65,48.75,44.71,66.6306,1,79.7716,0,134856,186203,1.5203,2.3612,-0.8408,0.00
2025-02-24,69.26,69.26,65.19,67.72,74.56,73.98,70.61,48.98,44.87,66.6306,1,79.5478,0,188228,181779,0.8962,2.0682,-1.1720,0.00
2025-02-25,67.54,67.58,62.59,63.86,73.25,73.72,70.50,49.18,45.02,77.6980,0,78.9735,0,119016,178775,0.0890,1.6724,-1.5833,0.00
2025-02-26,65.02,67.21,65.01,65.84,72.54,73.35,70.41,49.39,45.18,77.6980,0,77.9905,0,72964,176744,-0.3864,1.2606,-1.6470,0.00
2025-02-27,67.00,68.14,64.23,64.30,71.22,72.86,70.21,49.57,45.34,77.6980,0,77.0664,0,90952,174552,-0.8774,0.8330,-1.7104,0.00
2025-02-28,64.00,65.26,62.64,65.12,69.86,72.42,70.07,49.77,45.50,75.7988,0,76.1978,0,109805,168614,-1.1866,0.4291,-1.6157,0.00
2025-03-03,66.41,68.32,60.98,61.37,68.24,71.82,69.79,49.95,45.64,75.7988,0,75.3814,0,87692,164234,-1.7145,0.0004,-1.7149,0.00
2025-03-04,59.48,63.06,58.18,61.56,66.59,71.36,69.56,50.13,45.78,73.6633,0,74.2293,0,103495,160626,-2.0934,-0.4184,-1.6750,0.00
2025-03-05,61.16,63.23,59.56,62.85,65.45,70.80,69.46,50.32,45.92,73.6633,0,72.6243,0,71341,154683,-2.2635,-0.7874,-1.4761,0.00
2025-03-06,60.71,62.23,58.21,58.59,64.09,69.95,69.29,50.47,46.04,73.1672,0,71.1799,0,75499,149332,-2.7108,-1.1721,-1.5387,0.00
2025-03-07,58.25,59.15,54.51,57.35,62.86,69.05,69.11,50.60,46.14,69.8745,0,69.8799,0,132301,140995,-3.1293,-1.5635,-1.5658,0.00
2025-03-10,55.01,55.90,51.45,51.84,61.27,67.91,68.81,50.72,46.22,67.1858,0,68.0355,0,128921,140280,-3.8610,-2.0230,-1.8380,0.00
2025-03-11,51.57,55.08,51.09,53.82,60.26,66.76,68.52,50.87,46.31,66.4392,0,65.7141,0,123587,140409,-4.2324,-2.4649,-1.7675,0.00
2025-03-12,59.39,59.92,56.55,57.11,59.39,65.97,68.30,51.05,46.43,66.4392,0,63.3736,0,121998,140508,-4.2127,-2.8145,-1.3982,0.00
2025-03-13,56.48,57.11,55.00,55.28,58.49,64.85,68.04,51.21,46.54,66.4392,0,61.4076,0,149853,140528,-4.2952,-3.1106,-1.1846,0.00
2025-03-14,67.80,71.20,64.80,70.64,59.04,64.45,68.08,51.47,46.73,51.4354,1,51.0860,1,513786,145719,-3.0856,-3.1056,0.0200,0.00
2025-03-17,70.00,72.41,68.11,70.84,59.99,64.11,68.19,51.74,46.92,54.0618,1,51.4883,1,234771,148165,-2.0868,-2.9018,0.8151,0.00
2025-03-18,70.55,71.44,68.75,70.01,60.83,63.71,68.27,51.99,47.10,54.7096,1,52.3251,1,152251,149027,-1.3467,-2.5908,1.2441,0.00
2025-03-19,70.13,71.93,69.28,70.96,61.64,63.55,68.35,52.26,47.31,55.9632,1,53.1285,1,169644,148931,-0.6757,-2.2078,1.5321,0.00
2025-03-20,69.58,71.74,69.00,70.19,62.80,63.45,68.38,52.51,47.50,56.3710,1,53.8998,1,185000,148064,-0.2037,-1.8070,1.6033,0.00
2025-03-21,68.24,69.42,67.40,68.19,63.89,63.37,68.46,52.75,47.69,56.3710,1,54.6402,1,268382,149356,0.0089,-1.4438,1.4527,0.00
2025-03-24,70.00,73.82,69.28,73.46,66.05,63.66,68.66,53.02,47.91,57.7673,1,55.3510,1,216479,150747,0.5957,-1.0359,1.6316,0.00
2025-03-25,73.79,76.11,73.40,74.28,68.10,64.18,68.88,53.29,48.12,61.5391,1,56.4591,1,188404,152102,1.1141,-0.6059,1.7200,0.00
2025-03-26,70.06,71.42,67.01,68.61,69.25,64.32,68.95,53.51,48.30,61.5391,1,58.0312,1,325424,155211,1.0552,-0.2737,1.3289,0.00
2025-03-27,67.72,68.73,65.18,66.00,70.32,64.40,68.97,53.71,48.46,61.5391,1,59.4775,1,167112,156284,0.7889,-0.0612,0.8501,0.00
2025-03-28,65.20,65.32,61.42,63.66,69.62,64.33,68.91,53.89,48.60,61.5391,1,60.8081,1,205775,157026,0.3846,0.0280,0.3566,0.00
2025-03-31,61.75,61.80,58.66,60.98,68.63,64.31,68.76,54.06,48.73,74.0908,0,76.1100,0,312297,159964,-0.1504,-0.0077,-0.1427,0.00
2025-04-01,61.00,61.29,58.75,60.47,67.68,64.26,68.62,54.23,48.87,73.2567,0,75.7610,0,124701,156467,-0.6085,-0.1278,-0.4806,0.00
2025-04-02,59.76,63.85,59.76,62.43,66.83,64.24,68.44,54.41,49.02,73.2567,0,75.4190,0,111275,155202,-0.8041,-0.2631,-0.5410,0.00
2025-04-03,59.26,60.78,56.69,57.45,65.55,64.18,68.16,54.55,49.15,72.2830,0,75.0838,0,163543,156214,-1.3455,-0.4796,-0.8659,0.00
2025-04-04,54.58,55.20,49.12,51.77,63.91,63.90,67.79,54.67,49.25,66.8522,0,74.3480,0,136248,156499,-2.2074,-0.8251,-1.3822,0.00
2025-04-07,48.54,56.91,47.35,53.02,61.87,63.96,67.43,54.80,49.36,66.8522,0,72.8344,0,183449,158478,-2.7578,-1.2117,-1.5461,0.00
2025-04-08,57.17,57.64,51.71,52.81,59.72,63.91,67.10,54.92,49.48,66.8522,0,70.7956,0,201618,159652,-3.1744,-1.6042,-1.5702,0.00
2025-04-09,53.31,62.63,52.38,61.69,59.03,64.14,66.87,55.11,49.64,66.8522,0,68.9200,0,279462,161671,-2.7562,-1.8346,-0.9216,0.00
2025-04-10,59.97,61.34,57.75,58.35,58.26,64.29,66.56,55.28,49.79,66.8522,0,67.1944,0,150841,161283,-2.6636,-2.0004,-0.6632,0.00
2025-04-11,58.87,59.36,56.01,59.01,57.80,63.71,66.26,55.46,49.93,66.8522,0,65.6068,0,176469,162835,-2.5080,-2.1019,-0.4061,93.65
2025-04-14,61.30,62.71,59.07,60.05,57.70,63.17,65.99,55.66,50.08,66.8522,0,64.1463,0,149585,163685,-2.2746,-2.1364,-0.1381,93.46
2025-04-15,60.86,63.38,60.45,63.31,57.99,62.83,65.84,55.87,50.24,66.8522,0,47.3500,1,174463,164036,-1.8057,-2.0703,0.2646,95.64
2025-04-16,61.62,63.58,60.31,62.32,57.98,62.40,65.61,56.07,50.40,66.8522,0,47.6706,1,146190,163798,-1.4968,-1.9556,0.4588,95.95
2025-04-17,62.34,62.91,60.73,61.61,58.39,61.97,65.33,56.26,50.56,66.8522,0,48.3070,1,138462,164760,-1.2943,-1.8233,0.5290,95.46
2025-04-21,61.30,61.61,57.90,59.28,59.14,61.53,65.01,56.45,50.71,66.8522,0,48.9179,1,150091,165590,-1.3068,-1.7200,0.4132,94.93
2025-04-22,61.50,62.88,60.08,61.89,60.03,60.95,64.76,56.66,50.87,66.8522,0,49.5044,1,150034,165920,-1.0935,-1.5947,0.5012,95.46
2025-04-23,64.58,68.18,64.52,65.55,61.31,60.51,64.53,56.89,51.03,66.8522,0,50.0674,1,209065,166627,-0.6219,-1.4002,0.7782,96.06
2025-04-24,65.81,68.59,65.81,68.21,61.96,60.49,64.43,57.12,51.21,53.7667,1,51.1542,1,153773,166830,-0.0332,-1.1268,1.0936,96.97
2025-04-25,68.12,69.85,67.53,69.84,63.11,60.68,64.28,57.38,51.40,55.9024,1,52.5490,1,107903,165745,0.5584,-0.7897,1.3482,97.00
2025-04-28,69.31,70.19,68.29,69.76,64.18,60.99,64.10,57.63,51.58,57.1621,1,54.2791,1,215761,166888,1.0093,-0.4299,1.4392,96.85
2025-04-29,70.00,71.55,69.51,70.74,65.25,61.48,63.96,57.88,51.77,59.0477,1,56.1884,1,183287,168690,1.4291,-0.0581,1.4873,96.89
2025-04-30,69.15,70.66,67.70,70.53,65.97,61.98,63.81,58.12,51.95,59.0477,1,58.3389,1,91626,167471,1.7250,0.2985,1.4265,97.19
2025-05-01,71.58,72.33,70.01,71.11,66.85,62.41,63.75,58.38,52.14,60.3529,1,60.1883,1,145726,167452,1.9835,0.6355,1.3480,97.12
2025-05-02,72.92,73.68,71.73,73.33,68.02,63.21,63.77,58.65,52.33,62.1996,1,62.1310,1,171123,167291,2.3405,0.9765,1.3640,97.12
2025-05-05,72.24,77.34,72.24,74.67,69.56,64.35,63.87,58.94,52.53,63.8029,1,64.2107,1,299225,170578,2.7004,1.3213,1.3791,97.34
2025-05-06,72.15,74.59,71.31,74.24,70.80,65.41,64.00,59.22,52.73,63.8029,1,66.8366,1,168889,170191,2.9173,1.6405,1.2768,97.31
2025-05-07,74.18,76.33,74.00,75.81,71.82,66.56,64.24,59.51,52.94,64.6593,1,68.9373,1,135761,170526,3.1792,1.9482,1.2310,97.46
2025-05-08,77.00,77.97,75.27,76.57,72.66,67.31,64.46,59.81,53.15,66.3548,1,70.6178,1,162175,172310,3.4089,2.2404,1.1685,97.31
2025-05-09,77.13,79.79,76.00,76.88,73.36,68.24,64.71,60.12,53.36,67.5194,1,72.0882,1,248561,175462,3.5746,2.5072,1.0674,97.27
2025-05-12,78.83,79.38,76.31,78.61,74.25,69.22,64.98,60.42,53.57,67.5859,1,73.6286,1,150483,176276,3.8018,2.7661,1.0357,97.19
2025-05-13,78.88,84.47,78.88,83.10,75.48,70.37,65.41,60.76,53.82,70.6838,1,74.8609,1,285922,180241,4.2946,3.0718,1.2228,97.65
2025-05-14,83.50,84.65,82.13,84.61,76.89,71.43,65.87,61.10,54.07,72.7379,1,76.3100,1,174381,181658,4.7522,3.4079,1.3443,97.91
2025-05-15,83.20,86.00,82.06,85.52,78.33,72.59,66.33,61.44,54.32,73.2634,1,77.9780,1,193421,184100,5.1292,3.7522,1.3770,98.02
2025-05-16,87.50,87.50,85.07,85.31,79.53,73.78,66.86,61.77,54.57,75.8621,1,79.5824,1,146614,185522,5.3494,4.0716,1.2778,98.21
2025-05-19,83.40,86.75,82.02,86.72,80.74,75.15,67.45,62.09,54.81,75.8621,1,81.1659,1,197852,186833,5.5734,4.3720,1.2014,98.14
2025-05-20,87.01,89.09,86.69,89.01,82.21,76.51,68.19,62.42,55.09,77.4515,1,82.0170,1,191941,188094,5.8680,4.6712,1.1968,98.21
2025-05-21,87.47,89.84,86.41,87.75,83.41,77.62,68.87,62.74,55.37,77.7014,1,82.0170,1,158652,188795,5.9315,4.9232,1.0083,98.17
2025-05-22,87.42,92.31,87.42,91.11,84.86,78.76,69.55,63.09,55.67,79.0127,1,83.5816,1,220404,190763,6.1817,5.1749,1.0067,98.32
2025-05-23,88.95,93.11,88.31,92.35,86.41,79.89,70.29,63.45,55.98,79.5084,1,85.3273,1,168031,191127,6.4061,5.4212,0.9850,98.17
2025-05-27,93.05,95.39,92.31,94.85,88.03,81.14,70.78,63.81,56.30,82.8428,1,86.8838,1,249664,185844,6.7084,5.6786,1.0298,98.10
2025-05-28,94.86,95.90,93.51,94.09,89.13,82.31,71.24,64.18,56.61,84.0815,1,88.3140,1,175290,184655,6.8082,5.9045,0.9037,98.10
2025-05-29,97.00,97.76,93.94,95.38,90.21,83.55,71.75,64.56,56.93,85.1469,1,89.8312,1,288906,187388,6.9117,6.1060,0.8057,98.29
2025-05-30,95.18,95.59,93.00,95.35,91.19,84.76,72.24,64.94,57.25,85.1469,1,91.4170,1,438019,192755,6.9116,6.2671,0.6445,98.44
2025-06-02,95.15,99.79,94.53,99.74,92.63,86.08,72.83,65.35,57.59,86.2111,1,92.6856,1,246158,193978,7.1830,6.4503,0.7327,98.59
2025-06-03,99.80,99.98,97.94,98.07,93.77,87.25,73.43,65.74,57.92,88.4916,1,93.0000,1,279990,194210,7.1805,6.5963,0.5842,98.40
2025-06-04,98.00,99.40,97.54,98.54,94.72,88.47,73.93,66.14,58.25,88.4918,1,94.3960,1,238339,194648,7.1342,6.7039,0.4303,98.37
2025-06-05,98.58,101.80,97.81,98.57,95.80,89.61,74.41,66.52,58.57,89.6292,1,95.5128,1,507024,201020,7.0191,6.7669,0.2521,98.33
2025-06-06,102.80,103.00,95.00,97.91,96.48,90.67,75.00,66.89,58.88,89.6292,1,101.8000,0,643239,207376,6.7962,6.7728,0.0234,98.25
2025-06-09,96.29,97.00,92.36,93.15,96.56,91.49,75.54,67.23,59.17,89.6292,1,103.0000,0,558220,215199,6.1644,6.6511,-0.4867,97.95
2025-06-10,90.19,90.77,86.54,87.55,95.83,91.93,76.02,67.54,59.42,101.4980,0,103.0000,0,886575,228815,5.1525,6.3514,-1.1989,97.54
2025-06-11,87.55,89.74,86.65,88.86,95.31,92.22,76.58,67.86,59.69,100.6807,0,102.0124,0,581447,234198,4.4054,5.9622,-1.5568,97.24
2025-06-12,88.80,90.20,88.38,88.74,94.65,92.43,77.14,68.17,59.96,100.6807,0,101.0841,0,190631,235516,3.7604,5.5218,-1.7615,97.31
2025-06-13,87.38,92.33,87.38,90.30,94.14,92.67,77.70,68.50,60.23,100.6807,0,100.2114,0,613227,245555,3.3365,5.0848,-1.7482,97.58
2025-06-16,92.51,94.23,91.18,92.00,93.37,93.00,78.39,68.82,60.51,100.6807,0,99.3911,0,336306,249010,3.1021,4.6882,-1.5861,97.43
2025-06-17,90.27,91.19,88.79,89.13,92.48,93.12,79.14,69.12,60.79,100.6807,0,98.6201,0,608392,258453,2.6541,4.2814,-1.6273,97.50
2025-06-18,88.50,89.21,85.49,87.17,91.34,93.03,79.82,69.40,61.05,99.1016,0,97.8953,0,498116,264747,2.1165,3.8484,-1.7319,97.43
2025-06-20,87.56,87.98,84.81,85.51,90.03,92.92,80.47,69.68,61.31,97.9224,0,96.9028,0,867012,278055,1.5388,3.3865,-1.8477,97.17
2025-06-23,86.00,89.95,84.56,89.71,89.21,92.85,81.04,69.97,61.59,97.9224,0,95.6936,0,372575,279917,1.4037,2.9899,-1.5863,97.20
2025-06-24,90.00,90.63,88.70,90.10,88.91,92.74,81.67,70.28,61.88,97.9224,0,94.3576,0,395926,284818,1.3129,2.6545,-1.3416,97.13
2025-06-25,90.88,93.64,90.40,90.56,89.21,92.52,82.30,70.59,62.17,97.9224,0,84.5610,1,348248,288254,1.2635,2.3763,-1.1128,97.32
2025-06-26,90.92,92.86,89.01,92.10,89.53,92.42,82.94,70.91,62.48,97.9224,0,84.7426,1,294131,291145,1.3333,2.1677,-0.8344,96.98
2025-06-27,90.00,90.00,86.68,87.38,89.40,92.02,83.42,71.20,62.76,97.9224,0,84.9205,1,1435190,316360,0.9962,1.9334,-0.9372,96.72
2025-06-30,88.80,90.17,88.16,89.59,89.32,91.73,83.97,71.50,63.05,97.9224,0,85.0949,1,422480,321885,0.8971,1.7262,-0.8291,96.90
2025-07-01,89.50,89.63,83.51,85.18,88.64,91.01,84.44,71.77,63.30,97.9224,0,93.6400,0,380397,326724,0.4574,1.4724,-1.0150,96.64
2025-07-02,84.22,85.84,83.51,85.58,88.29,90.38,84.97,72.01,63.58,96.3188,0,93.4374,0,303818,329799,0.1396,1.2059,-1.0662,96.27
2025-07-03,86.01,89.29,85.99,89.08,88.48,89.91,85.51,72.27,63.87,96.3188,0,93.2389,0,213088,331060,0.1683,0.9983,-0.8301,96.49
2025-07-07,88.32,91.16,87.10,89.85,88.91,89.47,86.00,72.53,64.16,96.3188,0,93.0443,0,329237,333463,0.2502,0.8487,-0.5985,96.68
2025-07-08,89.50,90.90,85.00,86.87,88.63,88.92,86.37,72.78,64.44,96.3188,0,92.8536,0,344874,337285,0.0738,0.6937,-0.6199,95.97
2025-07-09,87.54,92.03,87.04,91.59,88.78,88.84,86.80,73.06,64.74,96.3188,0,92.6667,0,427102,343669,0.3113,0.6173,-0.3059,96.19
2025-07-10,92.99,92.99,85.85,86.14,88.34,88.77,87.13,73.29,65.00,96.3188,0,83.5100,1,449539,348345,0.0591,0.5056,-0.4465,95.18
2025-07-11,86.02,87.12,83.77,84.54,87.58,88.56,87.41,73.52,65.26,96.3188,0,83.6996,1,279337,350266,-0.2668,0.3511,-0.6180,94.92
2025-07-14,84.55,86.96,83.08,85.84,87.43,88.41,87.71,73.76,65.52,96.3188,0,92.9900,0,225081,352935,-0.4154,0.1978,-0.6133,94.81
2025-07-15,86.20,87.60,85.00,87.34,87.20,88.26,88.04,73.99,65.79,96.3188,0,92.7918,0,231067,354642,-0.4075,0.0768,-0.4842,95.26
2025-07-16,88.45,89.19,86.72,87.49,87.43,88.04,88.32,74.21,66.07,96.3188,0,92.5976,0,266967,356558,-0.3846,-0.0155,-0.3691,94.92
2025-07-17,87.86,87.90,83.27,86.93,87.57,87.93,88.57,74.36,66.35,96.3188,0,92.4072,0,313965,356853,-0.4070,-0.0938,-0.3132,94.92
2025-07-18,87.00,89.61,86.80,88.11,87.47,87.97,88.84,74.49,66.63,96.3188,0,92.2207,0,305090,359577,-0.3258,-0.1402,-0.1856,94.73
2025-07-21,87.59,88.12,85.41,86.53,87.14,88.03,89.06,74.60,66.90,96.3188,0,92.0379,0,239956,361661,-0.3845,-0.1891,-0.1954,94.77
2025-07-22,86.11,86.36,83.02,83.77,86.83,87.73,89.20,74.69,67.16,96.0081,0,91.8587,0,245857,363335,-0.6463,-0.2805,-0.3657,93.79
2025-07-23,84.00,85.36,83.12,84.84,86.15,87.47,89.36,74.76,67.43,95.0965,0,91.5051,0,183144,362026,-0.7586,-0.3761,-0.3825,93.12
2025-07-24,85.00,86.00,83.62,85.71,86.11,87.22,89.50,74.85,67.69,95.0965,0,91.1657,0,146744,361952,-0.7686,-0.4546,-0.3140,93.38
2025-07-25,85.60,86.78,84.20,85.00,86.16,86.87,89.54,74.91,67.95,95.0965,0,90.8399,0,174616,359726,-0.8243,-0.5286,-0.2958,93.23
2025-07-28,85.98,87.30,84.90,87.11,86.28,86.85,89.59,75.01,68.22,95.0965,0,90.5271,0,191808,360074,-0.6903,-0.5609,-0.1294,93.83
2025-07-29,89.88,93.14,86.31,89.22,86.47,86.84,89.67,75.15,68.50,95.0965,0,83.0200,1,430549,364817,-0.4090,-0.5305,0.1215,94.84
2025-07-30,90.58,95.63,88.08,95.42,87.26,87.35,89.87,75.34,68.79,80.7239,1,83.2224,1,570917,373303,0.3105,-0.3623,0.6729,96.08
2025-07-31,96.53,97.86,94.58,94.95,88.07,87.82,90.03,75.53,69.08,84.3126,1,83.7187,1,440558,378157,0.8333,-0.1232,0.9565,95.67
2025-08-01,91.32,91.32,83.56,87.65,88.02,87.74,90.01,75.67,69.32,84.3126,1,97.8600,0,525690,384832,0.6510,0.0316,0.6194,94.43
2025-08-04,88.73,92.83,88.62,92.52,88.62,87.88,90.10,75.83,69.58,84.3126,1,97.8600,0,223861,386136,0.8893,0.2032,0.6861,94.66
2025-08-05,93.25,93.98,87.45,87.54,89.00,87.91,90.03,75.96,69.82,84.3126,1,97.5740,0,273834,387205,0.6685,0.2962,0.3723,93.35
2025-08-06,88.37,92.24,88.00,91.77,89.69,87.92,90.02,76.12,70.09,84.3126,1,97.2937,0,190175,387647,0.8254,0.4021,0.4233,94.33
2025-08-07,92.59,93.92,86.71,89.74,90.09,88.10,89.92,76.26,70.34,84.3126,1,97.0190,0,358081,389816,0.7770,0.4771,0.2999,93.39
2025-08-08,89.95,91.16,86.90,87.41,90.33,88.24,89.78,76.41,70.58,84.3126,1,96.7499,0,166044,389631,0.5443,0.4905,0.0538,92.68
2025-08-11,86.88,89.02,85.02,85.70,90.19,88.24,89.59,76.53,70.82,84.3126,1,96.4861,0,171486,387283,0.2194,0.4363,-0.2169,91.33
2025-08-12,86.50,88.80,85.75,88.35,90.10,88.29,89.45,76.68,71.06,84.3126,1,96.2275,0,164322,381809,0.1738,0.3838,-0.2100,92.15
2025-08-13,89.27,91.66,87.47,88.08,89.37,88.32,89.22,76.81,71.32,84.3126,1,95.9742,0,183136,380548,0.1145,0.3299,-0.2155,91.67
2025-08-14,87.05,88.11,83.77,84.45,88.32,88.19,88.94,76.94,71.54,84.3126,1,95.7259,0,188999,378728,-0.2228,0.2194,-0.4422,90.69
2025-08-15,84.58,85.93,83.88,85.83,88.14,88.08,88.69,77.09,71.78,84.3126,1,95.4826,0,200696,377975,-0.3745,0.1006,-0.4751,90.81
2025-08-18,85.54,86.15,84.61,85.72,87.46,88.04,88.43,77.24,72.00,84.3126,1,95.2441,0,128186,370399,-0.4978,-0.0191,-0.4788,90.43
2025-08-19,86.59,87.22,82.75,83.97,87.10,88.05,88.15,77.37,72.21,97.4517,0,95.0105,0,209362,361721,-0.7284,-0.1610,-0.5674,90.43
2025-08-20,82.93,85.24,79.83,85.10,86.43,88.06,87.99,77.50,72.42,95.3780,0,94.5200,0,270524,355967,-0.8106,-0.2909,-0.5197,90.88
2025-08-21,84.55,86.37,83.85,85.24,85.98,88.04,87.95,77.62,72.64,95.3780,0,93.6386,0,137876,340993,-0.8546,-0.4036,-0.4510,90.62
2025-08-22,85.24,88.80,84.91,88.77,86.12,88.23,87.94,77.76,72.88,95.3780,0,92.8101,0,196004,333284,-0.5977,-0.4424,-0.1553,91.29
2025-08-25,89.99,90.44,87.74,87.83,86.33,88.26,87.93,77.89,73.11,95.3780,0,92.0313,0,111131,331694,-0.4646,-0.4469,-0.0178,91.40
2025-08-26,87.80,89.60,85.12,85.17,86.02,88.06,87.82,77.99,73.33,95.3780,0,91.2992,0,350185,326434,-0.5673,-0.4710,-0.0963,88.52
2025-08-27,86.62,88.71,86.39,87.53,85.96,87.67,87.73,78.09,73.55,95.3780,0,90.6111,0,171139,323130,-0.4530,-0.4674,0.0144,89.98
2025-08-28,87.22,94.94,87.22,93.03,86.82,87.57,87.81,78.25,73.79,95.3780,0,79.8300,1,292077,316804,0.0805,-0.3578,0.4383,91.03
2025-08-29,92.70,93.46,88.54,89.40,87.18,87.66,87.86,78.37,74.01,95.3780,0,80.1322,1,189528,310632,0.2080,-0.2446,0.4526,90.54
2025-09-02,87.00,88.76,85.78,87.90,87.39,87.43,87.90,78.49,74.23,95.3780,0,80.4284,1,152463,296341,0.1858,-0.1585,0.3444,90.10
2025-09-03,88.82,89.22,86.50,87.72,87.77,87.44,87.86,78.59,74.45,95.3780,0,80.7186,1,154080,291971,0.1520,-0.0964,0.2484,89.06
2025-09-04,88.00,88.10,85.17,86.55,87.91,87.17,87.79,78.67,74.66,95.3780,0,81.0030,1,143266,286918,0.0304,-0.0711,0.1015,87.30
2025-09-05,88.70,91.74,85.82,90.93,88.48,87.23,87.80,78.79,74.89,95.3780,0,81.2818,1,265534,285264,0.2842,-0.0000,0.2842,90.03
2025-09-08,94.00,97.02,92.36,95.61,89.17,87.64,87.87,78.94,75.15,81.4718,1,81.5549,1,474120,288864,0.8532,0.1706,0.6825,90.59
2025-09-09,95.61,99.75,95.09,98.50,90.23,88.28,88.09,79.12,75.42,84.1257,1,82.1735,1,863934,277438,1.5197,0.4404,1.0793,91.04
2025-09-10,94.56,95.05,80.60,80.72,89.79,87.90,87.92,79.16,75.61,105.1599,0,99.7500,0,1508173,299152,0.6063,0.4736,0.1327,78.66
2025-09-11,82.06,82.22,77.49,77.89,88.83,87.39,87.77,79.18,75.77,96.8722,0,99.7500,0,717795,305900,-0.3420,0.3105,-0.6525,71.60
2025-09-12,77.72,78.18,73.85,74.50,86.97,86.90,87.55,79.17,75.90,92.6313,0,98.8596,0,718597,314196,-1.3515,-0.0219,-1.3296,70.29
2025-09-15,75.48,78.12,74.30,75.60,85.59,86.38,87.28,79.18,76.02,92.3107,0,97.3590,0,442041,318775,-2.0393,-0.4254,-1.6139,72.91
2025-09-16,75.57,75.57,73.92,75.00,84.30,85.85,86.98,79.17,76.14,89.7396,0,95.9485,0,368550,319561,-2.6028,-0.8609,-1.7419,71.79
2025-09-17,74.82,75.17,72.68,73.89,82.92,85.34,86.72,79.18,76.26,88.1671,0,94.6226,0,356453,319793,-3.1031,-1.3093,-1.7938,69.06
2025-09-18,75.74,78.53,75.40,78.02,82.07,84.99,86.45,79.18,76.40,88.1671,0,92.8672,0,416767,319586,-3.1303,-1.6735,-1.4568,74.70
2025-09-19,78.49,80.93,77.58,80.23,81.00,84.74,86.33,79.19,76.55,88.1671,0,91.2522,0,810588,326807,-2.9397,-1.9267,-1.0129,79.04
2025-09-22,80.00,80.77,77.87,80.49,79.48,84.33,86.25,79.21,76.71,88.1671,0,89.7664,0,328721,327795,-2.7360,-2.0886,-0.6474,76.96
2025-09-23,80.22,83.37,79.32,81.46,77.78,84.01,86.16,79.23,76.86,88.1671,0,88.3995,0,414762,331588,-2.4679,-2.1645,-0.3035,79.35
2025-09-24,82.00,82.26,77.98,79.12,77.62,83.70,86.00,79.26,76.99,88.1671,0,87.1419,0,350153,333970,-2.4164,-2.2149,-0.2016,78.45
2025-09-25,77.20,83.97,76.56,81.99,78.03,83.43,85.89,79.33,77.13,88.1671,0,85.9850,0,473172,338094,-2.1196,-2.1958,0.0762,79.83
2025-09-26,82.00,82.49,79.80,82.15,78.79,82.88,85.79,79.41,77.22,88.1671,0,84.9206,0,198573,335786,-1.8501,-2.1267,0.2765,79.05
2025-09-29,83.00,83.86,81.20,83.34,79.57,82.58,85.70,79.52,77.29,88.1671,0,83.9700,0,236136,334407,-1.5230,-2.0059,0.4830,80.10
2025-09-30,84.00,84.00,80.09,82.25,80.29,82.30,85.61,79.64,77.35,88.1671,0,72.6800,1,234322,334295,-1.3363,-1.8720,0.5357,78.02
2025-10-01,81.49,83.97,81.03,82.43,81.15,82.03,85.59,79.75,77.41,88.1671,0,72.9064,1,220187,333781,-1.1604,-1.7297,0.5693,76.08
2025-10-02,83.96,84.73,82.72,83.94,81.74,81.90,85.57,79.88,77.46,88.1671,0,73.1283,1,234016,334799,-0.8889,-1.5615,0.6726,77.65
2025-10-03,84.74,84.92,82.39,82.82,82.00,81.50,85.51,80.00,77.52,88.1671,0,73.5923,1,196681,335797,-0.7554,-1.4003,0.6449,75.71
2025-10-06,84.20,85.34,82.19,82.21,82.17,80.83,85.46,80.14,77.55,88.1671,0,74.2717,1,198817,336281,-0.6909,-1.2584,0.5675,76.19
2025-10-07,82.66,82.90,76.84,79.50,81.98,79.88,85.30,80.26,77.58,88.1671,0,75.1572,1,369278,339831,-0.8487,-1.1765,0.3278,73.81
2025-10-08,80.24,84.35,80.17,84.25,82.49,80.05,85.20,80.40,77.66,88.1671,0,75.9719,1,285953,336939,-0.5837,-1.0579,0.4742,77.13
2025-10-09,83.69,86.95,82.39,86.10,82.90,80.46,85.02,80.58,77.76,88.1671,0,76.7215,1,207940,329679,-0.2218,-0.8907,0.6689,77.84
2025-10-10,86.00,88.05,82.32,82.34,82.92,80.86,84.76,80.75,77.84,88.1671,0,77.7443,1,205109,324970,-0.2358,-0.7597,0.5240,78.66
2025-10-13,85.00,85.41,81.54,83.19,82.90,81.24,84.68,80.96,77.92,88.1671,0,78.9810,1,191370,318284,-0.1762,-0.6430,0.4668,77.78
2025-10-14,81.75,81.99,78.16,78.17,82.49,81.39,84.39,81.12,77.97,88.1671,0,88.0500,0,226552,318338,-0.5279,-0.6200,0.0921,69.64
2025-10-15,80.25,81.46,78.20,79.06,82.16,81.65,84.22,81.27,78.02,88.1671,0,87.8522,0,178818,316437,-0.7265,-0.6413,-0.0852,69.65
2025-10-16,79.88,81.46,77.95,78.64,81.63,81.68,83.96,81.42,78.08,88.1671,0,87.6584,0,164059,315915,-0.9073,-0.6945,-0.2128,68.27
2025-10-17,77.00,77.94,75.74,77.22,81.07,81.53,83.71,81.47,78.12,88.1671,0,87.2699,0,177838,312310,-1.1519,-0.7860,-0.3659,64.70
2025-10-20,78.66,79.45,77.53,78.81,80.73,81.45,83.53,81.52,78.19,88.1671,0,86.5781,0,131297,311615,-1.2036,-0.8695,-0.3341,66.04
2025-10-21,78.74,81.39,78.47,79.88,80.77,81.37,83.42,81.59,78.26,88.1671,0,85.9278,0,156796,311322,-1.1450,-0.9246,-0.2204,68.20
2025-10-22,79.28,79.28,75.15,76.85,80.03,81.26,83.19,81.62,78.31,88.1671,0,85.3166,0,294835,313932,-1.3278,-1.0052,-0.3225,62.13
2025-10-23,76.79,78.62,76.06,76.86,79.10,81.00,82.96,81.67,78.35,88.1671,0,84.5032,0,235453,314978,-1.4550,-1.0952,-0.3598,58.56
2025-10-24,78.28,80.07,76.94,76.99,78.57,80.74,82.81,81.73,78.41,88.1671,0,83.7550,0,183121,314861,-1.5278,-1.1817,-0.3461,53.05
2025-10-27,78.90,78.93,77.34,77.79,78.03,80.46,82.65,81.76,78.48,88.1671,0,83.0666,0,203530,314917,-1.5035,-1.2461,-0.2575,51.90
2025-10-28,78.07,78.82,75.99,76.12,77.82,80.16,82.46,81.77,78.55,87.6835,0,82.4332,0,203591,316425,-1.6006,-1.3170,-0.2837,52.20
2025-10-29,75.79,75.97,70.89,71.92,77.11,79.63,82.22,81.79,78.58,84.2522,0,81.8506,0,467466,321587,-1.9935,-1.4523,-0.5412,41.14
2025-10-30,71.32,72.77,70.00,71.05,76.35,78.99,81.94,81.82,78.61,81.9537,0,80.7545,0,255538,321288,-2.3480,-1.6314,-0.7166,44.45
2025-10-31,72.45,75.78,72.00,75.27,76.15,78.61,81.74,81.90,78.65,81.9537,0,79.4640,0,199420,322519,-2.2624,-1.7576,-0.5047,49.26
2025-11-03,75.19,76.61,73.81,75.80,75.85,78.29,81.48,82.00,78.69,81.9537,0,78.3283,0,198740,322573,-2.1272,-1.8315,-0.2956,52.16
2025-11-04,73.05,74.12,71.92,72.60,75.13,77.95,81.18,82.08,78.71,81.9537,0,77.3289,0,158754,323526,-2.2523,-1.9157,-0.3366,47.51
2025-11-05,72.38,72.60,71.56,72.35,74.68,77.35,80.92,82.15,78.72,81.9537,0,76.6120,0,103330,318589,-2.3446,-2.0015,-0.3431,44.34
2025-11-06,72.00,73.29,70.22,71.53,74.14,76.62,80.60,82.24,78.72,81.6842,0,75.8186,0,198703,319140,-2.4556,-2.0923,-0.3633,44.94
2025-11-07,70.25,73.21,69.95,73.03,73.75,76.16,80.20,82.38,78.73,81.4982,0,75.1203,0,146009,316219,-2.3950,-2.1528,-0.2421,48.59
2025-11-10,75.19,76.78,74.86,76.07,73.57,75.80,79.93,82.54,78.76,81.4982,0,69.9500,1,144244,315313,-2.0776,-2.1378,0.0602,52.79
2025-11-11,75.49,76.40,74.75,75.63,73.52,75.67,79.69,82.69,78.79,81.4982,0,69.9500,1,103159,314327,-1.8404,-2.0783,0.2379,47.51
2025-11-12,76.06,76.40,73.81,73.95,73.73,75.42,79.41,82.77,78.80,81.4982,0,70.0866,1,100217,313250,-1.7676,-2.0162,0.2485,45.89
2025-11-13,73.40,73.50,69.60,70.51,73.67,75.01,79.09,82.85,78.78,81.2824,0,76.7800,0,161524,313615,-1.9649,-2.0059,0.0410,38.69
2025-11-14,68.01,72.33,67.58,71.55,73.30,74.73,78.70,82.94,78.77,80.1376,0,76.6364,0,151035,311325,-2.0141,-2.0076,-0.0065,41.50
2025-11-17,72.50,72.80,68.96,69.69,72.69,74.27,78.19,83.00,78.75,80.1376,0,76.2741,0,134773,304538,-2.1780,-2.0417,-0.1364,39.30
2025-11-18,69.41,70.68,67.62,68.80,72.31,73.72,77.59,83.04,78.74,79.3549,0,75.9264,0,188072,291021,-2.3526,-2.1038,-0.2488,39.71
2025-11-19,68.84,70.79,68.58,70.08,72.08,73.38,77.38,83.09,78.72,79.3549,0,75.5925,0,119732,263252,-2.3605,-2.1552,-0.2054,40.55
2025-11-20,71.94,72.14,67.24,67.69,71.70,72.92,77.17,83.13,78.68,79.3549,0,75.2720,0,176217,252420,-2.5305,-2.2302,-0.3002,36.61
2025-11-21,67.01,68.00,64.75,66.59,71.06,72.40,77.02,83.18,78.63,76.6507,0,74.7898,0,193084,241910,-2.7225,-2.3287,-0.3938,28.10
2025-11-24,67.51,68.54,66.64,67.39,70.19,71.88,76.85,83.21,78.60,76.6507,0,73.9866,0,186623,236802,-2.7782,-2.4186,-0.3596,21.33
2025-11-25,67.15,69.09,65.81,68.89,69.51,71.52,76.73,83.24,78.56,76.6507,0,73.2477,0,102660,231484,-2.6704,-2.4690,-0.2015,23.82
2025-11-26,68.88,69.50,68.12,68.17,68.94,71.33,76.62,83.24,78.54,76.6507,0,72.5679,0,105268,226460,-2.6130,-2.4978,-0.1153,20.58
2025-11-28,68.83,70.21,68.42,69.32,68.82,71.25,76.44,83.23,78.49,76.6507,0,71.9424,0,54846,219222,-2.4465,-2.4875,0.0410,19.62
2025-12-01,68.58,69.93,67.48,68.60,68.52,70.91,76.21,83.22,78.44,76.6507,0,71.3670,0,219630,207403,-2.3457,-2.4592,0.1135,20.32
2025-12-02,69.78,70.82,69.22,69.40,68.49,70.59,75.99,83.22,78.40,76.6507,0,70.8377,0,178601,204400,-2.1761,-2.4025,0.2265,15.66
2025-12-03,69.11,71.66,68.42,71.41,68.75,70.53,75.79,83.22,78.37,76.6507,0,64.7500,1,187316,199851,-1.8581,-2.2936,0.4356,14.03
2025-12-04,71.40,71.95,69.67,70.43,68.79,70.44,75.61,83.22,78.35,76.6507,0,64.8882,1,629440,205437,-1.6659,-2.1681,0.5022,12.28
2025-12-05,87.04,90.26,84.33,86.27,70.65,71.17,75.70,83.30,78.42,73.6899,1,65.1707,1,1478556,225545,-0.2328,-1.7810,1.5482,54.91
2025-12-08,85.53,89.72,84.86,89.10,72.90,71.98,75.84,83.40,78.52,73.6899,1,66.6760,1,529789,232169,1.1184,-1.2011,2.3196,64.46
2025-12-09,88.49,92.57,88.07,91.31,75.29,72.74,76.00,83.51,78.64,76.6376,1,68.0911,1,459764,236641,2.3406,-0.4928,2.8334,70.18
2025-12-10,92.06,92.77,89.53,89.91,77.39,73.45,76.15,83.61,78.77,77.8647,1,70.0494,1,260982,237175,3.1598,0.2377,2.9221,64.83
2025-12-11,88.78,89.60,85.50,87.08,79.28,74.11,76.24,83.68,78.87,77.8647,1,72.3210,1,252001,237811,3.5399,0.8982,2.6417,58.73
2025-12-12,85.99,86.33,80.78,81.53,80.50,74.66,76.19,83.71,78.96,77.8647,1,74.3655,1,360273,240336,3.3546,1.3895,1.9651,50.41
2025-12-15,82.11,83.25,79.80,79.89,81.63,75.08,76.14,83.72,79.03,77.8647,1,76.2056,1,307776,242558,3.0404,1.7196,1.3207,45.39
2025-12-16,78.18,79.50,76.71,77.91,82.48,75.49,76.05,83.68,79.11,77.8647,1,92.7660,0,346598,245514,2.6016,1.8960,0.7055,39.58
2025-12-17,77.49,77.84,73.01,73.19,82.66,75.71,75.92,83.61,79.17,88.6825,0,92.4449,0,420557,246539,1.8516,1.8872,-0.0355,31.45
2025-12-18,75.51,76.82,74.42,75.91,83.21,76.00,75.76,83.54,79.24,88.6407,0,91.6675,0,400289,248826,1.4599,1.8017,-0.3418,38.47
2025-12-19,76.79,79.46,76.65,78.18,82.40,76.52,75.60,83.49,79.34,88.6407,0,90.9212,0,896623,262600,1.3175,1.7049,-0.3874,44.56
2025-12-22,78.82,80.70,78.10,79.71,81.46,77.18,75.55,83.45,79.45,88.6407,0,90.2047,0,201603,262529,1.3129,1.6265,-0.3135,46.23
2025-12-23,78.99,79.65,78.00,78.75,80.21,77.75,75.46,83.38,79.58,88.6407,0,89.5169,0,144813,261598,1.2178,1.5447,-0.3269,50.20
2025-12-24,78.15,78.99,77.75,78.80,79.10,78.24,75.47,83.32,79.71,88.6407,0,88.8567,0,62536,258318,1.1334,1.4625,-0.3291,46.86
2025-12-26,79.00,79.41,77.56,78.66,78.25,78.77,75.46,83.24,79.82,88.6407,0,88.2228,0,100205,256746,1.0432,1.3786,-0.3354,45.26
2025-12-29,77.77,78.70,77.25,78.01,77.90,79.20,75.45,83.14,79.93,87.6452,0,87.6143,0,106858,255602,0.9088,1.2847,-0.3759,40.66
2025-12-30,78.54,78.73,77.53,77.87,77.70,79.67,75.46,83.03,79.97,87.1932,0,87.0301,0,129070,254626,0.7819,1.1841,-0.4022,39.91
2025-12-31,78.00,78.00,76.20,76.48,77.56,80.02,75.42,82.91,79.99,85.7968,0,86.4693,0,126200,254524,0.5628,1.0598,-0.4971,41.10
2026-01-02,77.65,78.78,74.28,75.47,77.78,80.22,75.33,82.78,80.02,85.7062,0,85.9309,0,173679,254862,0.3041,0.9087,-0.6046,37.34
2026-01-05,75.02,75.57,72.91,73.50,77.54,80.38,75.26,82.63,80.03,83.2948,0,85.4141,0,250010,253966,-0.0592,0.7151,-0.7743,29.47
2026-01-06,73.25,75.36,71.86,75.11,77.24,79.82,75.23,82.47,80.06,82.8116,0,84.6639,0,218067,253618,-0.2148,0.5291,-0.7439,26.05
2026-01-07,75.39,77.60,75.22,76.87,76.95,79.21,75.22,82.33,80.10,82.8116,0,83.6396,0,186502,253685,-0.1938,0.3845,-0.5783,30.32
2026-01-08,76.46,76.46,71.46,71.67,76.24,78.23,75.10,82.15,80.09,82.8116,0,82.6972,0,252379,254662,-0.5899,0.1896,-0.7796,19.70
2026-01-09,72.20,72.49,70.41,70.56,75.42,77.26,74.99,81.96,80.07,80.8477,0,81.5735,0,186116,254313,-0.9821,-0.0447,-0.9374,16.02
2026-01-12,70.00,71.63,69.04,71.37,74.69,76.47,74.98,81.78,80.09,79.5699,0,80.2339,0,216843,249300,-1.2136,-0.2785,-0.9351,20.66
2026-01-13,71.54,72.34,69.88,70.82,73.97,75.94,74.97,81.64,80.11,79.5699,0,78.6667,0,186646,247923,-1.4250,-0.5078,-0.9172,18.76
2026-01-14,70.50,70.87,67.93,68.14,73.00,75.35,74.83,81.51,80.13,78.4265,0,77.3190,0,212897,248192,-1.7882,-0.7639,-1.0243,13.12
2026-01-15,68.85,70.75,68.39,69.05,72.26,74.91,74.70,81.37,80.17,78.4265,0,75.8167,0,243954,249096,-1.9798,-1.0071,-0.9727,14.89
2026-01-16,69.20,69.20,66.93,67.10,71.42,74.60,74.59,81.23,80.21,76.7622,0,74.5549,0,266394,251249,-2.2628,-1.2582,-1.0046,12.85
2026-01-20,65.80,67.37,64.83,64.88,70.56,74.05,74.44,81.06,80.22,74.6895,0,73.1824,0,204164,253266,-2.6359,-1.5338,-1.1022,11.88
2026-01-21,64.97,65.56,63.20,64.35,69.48,73.36,74.29,80.88,80.25,72.8185,0,71.5119,0,187130,253034,-2.9405,-1.8151,-1.1254,10.18
2026-01-22,65.86,66.11,64.69,65.10,68.30,72.63,74.13,80.72,80.32,72.8185,0,69.8495,0,151833,253151,-3.0858,-2.0692,-1.0165,9.28
2026-01-23,65.43,66.44,65.05,65.67,67.70,71.97,73.93,80.57,80.38,72.8185,0,68.5196,0,135490,252976,-3.1189,-2.2792,-0.8398,9.84
2026-01-26,66.00,69.06,66.00,68.32,67.48,71.45,73.78,80.46,80.46,72.8185,0,63.2000,1,229466,255502,-2.8980,-2.4029,-0.4951,12.66
2026-01-27,66.42,67.85,61.83,62.26,66.57,70.63,73.55,80.27,80.46,72.8185,0,69.0600,0,655984,266617,-3.1753,-2.5574,-0.6179,7.36
2026-01-28,62.56,65.26,62.56,63.19,65.81,69.89,73.40,80.10,80.49,72.8185,0,69.0600,0,293385,269255,-3.2822,-2.7024,-0.5798,11.14
2026-01-29,62.20,62.51,56.87,57.97,64.79,68.89,73.13,79.88,80.48,69.7828,0,68.9154,0,485736,275949,-3.7449,-2.9109,-0.8340,6.06
2026-01-30,57.58,58.19,55.58,55.95,63.48,67.87,72.85,79.64,80.46,66.7538,0,68.4336,0,271503,278683,-4.2259,-3.1739,-1.0520,4.91
2026-02-02,56.00,56.59,54.03,54.45,62.21,66.82,72.57,79.42,80.42,64.9599,0,67.6624,0,222232,279366,-4.6743,-3.4740,-1.2003,3.94
2026-02-03,54.00,54.78,50.01,52.15,60.94,65.75,72.21,79.17,80.37,62.5069,0,66.5718,0,340774,283787,-5.1558,-3.8103,-1.3454,4.31
2026-02-04,51.06,52.10,48.58,51.87,59.69,64.59,71.89,78.95,80.32,60.5130,0,64.9156,0,357799,287419,-5.4966,-4.1476,-1.3490,4.24
2026-02-05,52.53,53.27,48.10,48.34,58.02,63.16,71.53,78.70,80.26,60.5130,0,62.9547,0,380871,291175,-5.9825,-4.5146,-1.4680,3.79
2026-02-06,48.88,51.39,48.15,51.07,56.56,62.13,71.20,78.44,80.21,60.3787,0,60.8758,0,280655,293055,-6.0773,-4.8271,-1.2502,4.20
2026-02-09,50.85,54.89,49.86,54.06,55.13,61.31,70.90,78.21,80.15,60.3787,0,59.0879,0,254314,296088,-5.8438,-5.0305,-0.8134,5.09
2026-02-10,54.85,56.64,54.78,55.83,54.49,60.53,70.66,78.00,80.09,60.3787,0,57.5503,0,249203,298967,-5.4531,-5.1150,-0.3381,6.49
2026-02-11,55.93,56.37,53.08,55.12,53.68,59.74,70.37,77.76,80.02,60.3787,0,56.6400,0,175998,301390,-5.1415,-5.1203,-0.0212,7.20
2026-02-12,55.18,55.88,51.82,53.19,53.20,59.00,70.06,77.54,79.93,60.3787,0,56.6400,0,165293,300303,-4.9927,-5.0948,0.1021,6.90
2026-02-13,53.99,55.82,53.46,54.55,53.06,58.27,69.77,77.34,79.85,60.3787,0,56.3700,0,121074,299153,-4.7107,-5.0179,0.3072,7.01
2026-02-17,54.20,54.65,52.02,53.50,52.97,57.59,69.41,77.12,79.77,60.3787,0,55.8800,0,155075,298508,-4.5199,-4.9183,0.3985,6.90
2026-02-18,53.08,55.06,51.88,54.39,53.19,57.07,69.09,76.90,79.69,60.3787,0,55.8200,0,136019,288640,-4.2478,-4.7842,0.5364,6.83
2026-02-19,54.40,54.89,53.01,54.16,53.42,56.56,68.45,76.68,79.59,60.3787,0,55.0550,0,114413,261357,-4.0047,-4.6283,0.6237,6.27
2026-02-20,52.83,55.42,49.80,50.20,53.61,55.81,67.67,76.43,79.47,60.3787,0,48.1050,1,202165,254804,-4.0844,-4.5195,0.4351,5.01
2026-02-23,49.00,49.00,46.36,47.26,53.23,54.89,66.79,76.16,79.33,58.2209,0,55.4250,0,185108,249311,-4.3348,-4.4826,0.1477,4.97
2026-02-24,47.21,51.16,46.90,51.04,52.92,54.03,66.01,75.92,79.21,58.2209,0,55.4250,0,200378,248099,-4.1801,-4.4221,0.2420,7.08
2026-02-25,51.25,52.18,50.08,52.16,52.56,53.52,65.31,75.71,79.09,58.2209,0,55.2437,0,118617,245431,-3.9219,-4.3221,0.4001,6.97
2026-02-26,52.94,54.96,52.23,54.33,52.48,53.08,64.77,75.51,78.97,58.2209,0,55.0660,0,133945,240905,-3.5018,-4.1580,0.6562,7.56
2026-02-27,51.76,53.00,51.19,51.96,52.35,52.78,64.21,75.29,78.84,58.2209,0,54.9600,0,134218,237434,-3.3219,-3.9908,0.6689,7.05
2026-03-02,51.00,54.43,50.98,53.69,52.27,52.67,63.72,75.08,78.69,58.2209,0,54.9600,0,173354,233969,-3.0050,-3.7936,0.7886,6.34
2026-03-03,51.93,54.03,50.03,53.87,52.31,52.64,63.34,74.85,78.54,58.2209,0,54.7880,0,145584,228469,-2.7081,-3.5765,0.8684,6.38
2026-03-04,53.15,54.99,52.98,54.87,52.35,52.77,62.92,74.63,78.39,58.2209,0,46.3600,1,141526,223294,-2.3649,-3.3342,0.9693,6.38
2026-03-05,54.92,57.99,54.92,55.88,52.53,52.97,62.47,74.36,78.24,58.2209,0,46.5326,1,209645,209554,-1.9885,-3.0651,1.0766,8.12
2026-03-06,55.80,58.16,55.14,57.17,53.22,53.41,62.02,74.11,78.09,58.2209,0,46.9909,1,197328,209469,-1.5680,-2.7657,1.1977,6.71
2026-03-09,56.34,57.65,55.11,57.17,54.21,53.72,61.59,73.91,77.93,58.2209,0,47.6610,1,202433,210621,-1.2207,-2.4567,1.2360,6.93
2026-03-10,57.41,57.55,55.00,55.95,54.70,53.81,61.13,73.66,77.77,58.2209,0,48.2910,1,159374,212558,-1.0320,-2.1717,1.1397,5.86
2026-03-11,57.20,57.79,55.89,57.52,55.24,53.90,60.71,73.46,77.60,58.2209,0,48.8831,1,155108,213656,-0.7472,-1.8868,1.1397,7.08
2026-03-12,57.54,57.94,53.90,54.02,55.21,53.84,60.23,73.21,77.41,58.2209,0,49.4397,1,528532,222090,-0.7947,-1.6684,0.8737,6.82
2026-03-13,55.92,56.85,52.40,53.43,55.36,53.86,59.74,72.97,77.21,58.2209,0,49.9630,1,518747,229883,-0.8699,-1.5087,0.6388,7.64
2026-03-16,53.35,54.00,51.20,51.67,55.15,53.71,59.24,72.73,76.99,58.2209,0,50.4548,1,327386,233907,-1.0593,-1.4188,0.3595,6.01
2026-03-17,51.60,53.09,51.07,52.06,54.97,53.64,58.78,72.51,76.78,58.2209,0,50.9171,1,233739,235108,-1.1646,-1.3680,0.2034,6.49
2026-03-18,51.30,53.56,51.22,52.09,54.70,53.52,58.35,72.27,76.56,58.2209,0,51.0700,1,270644,235521,-1.2314,-1.3407,0.1093,8.41
2026-03-19,51.80,52.87,50.37,50.92,54.20,53.36,57.86,72.02,76.32,58.2209,0,58.1600,0,195299,235065,-1.3630,-1.3451,-0.0179,7.11
2026-03-20,50.89,50.89,49.10,49.28,53.41,53.32,57.31,71.78,76.07,58.2209,0,58.0042,0,466307,240662,-1.5814,-1.3924,-0.1890,6.22
2026-03-23,49.76,51.89,49.00,51.18,52.81,53.51,56.90,71.55,75.84,58.2209,0,57.6480,0,236375,240341,-1.5829,-1.4305,-0.1525,7.41
2026-03-24,50.68,50.68,48.00,48.07,52.02,53.36,56.45,71.30,75.58,57.9639,0,57.1291,0,196135,240542,-1.8142,-1.5072,-0.3070,5.82
2026-03-25,48.86,49.46,46.70,47.18,50.99,53.12,55.97,71.06,75.33,56.6696,0,56.3988,0,173420,239673,-2.0457,-1.6149,-0.4308,4.82
2026-03-26,46.30,48.76,46.00,47.59,50.35,52.78,55.50,70.81,75.10,55.9390,0,55.4289,0,139196,238724,-2.1711,-1.7262,-0.4449,4.82
2026-03-27,46.77,46.95,44.75,45.73,49.58,52.47,55.06,70.54,74.89,54.4042,0,54.2977,0,178759,238042,-2.3929,-1.8595,-0.5334,4.67
2026-03-30,45.99,47.43,45.03,45.58,48.97,52.06,54.59,70.25,74.68,54.4042,0,52.9610,0,184635,236855,-2.5514,-1.9979,-0.5535,4.75
2026-03-31,46.26,49.08,46.13,48.97,48.66,51.82,54.22,70.00,74.48,54.4042,0,51.8115,0,196879,235465,-2.3761,-2.0735,-0.3026,6.34
2026-04-01,49.67,49.70,47.73,48.59,48.31,51.50,53.90,69.75,74.27,54.4042,0,50.8229,0,100105,233384,-2.2420,-2.1072,-0.1348,5.67
2026-04-02,49.07,52.10,48.08,51.44,48.36,51.28,53.64,69.51,74.07,54.4042,0,44.7500,1,170606,233053,-1.8840,-2.0626,0.1786,7.37
2026-04-06,51.51,52.00,50.10,50.90,48.52,50.97,53.36,69.23,73.88,54.4042,0,44.8969,1,104009,232097,-1.6252,-1.9751,0.3499,6.81
2026-04-07,50.78,53.22,49.91,52.78,48.68,50.75,53.10,68.99,73.70,54.4042,0,45.0409,1,141519,232217,-1.2538,-1.8308,0.5770,8.36
2026-04-08,55.04,56.00,51.46,51.63,49.04,50.53,52.76,68.74,73.53,54.4042,0,45.3680,1,226186,232152,-1.0404,-1.6728,0.6324,7.96
2026-04-09,50.97,51.08,45.02,46.18,48.94,49.96,52.44,68.47,73.32,54.4042,0,56.0000,0,292227,224877,-1.2961,-1.5974,0.3014,5.89
2026-04-10,46.70,46.70,42.25,43.81,48.56,49.45,52.06,68.18,73.09,54.4042,0,56.0000,0,301023,225029,-1.6706,-1.6121,-0.0586,4.86
2026-04-13,44.04,48.65,44.04,48.61,48.85,49.21,51.87,67.90,72.88,54.4042,0,55.4500,0,225672,219828,-1.5622,-1.6021,0.0399,6.41
2026-04-14,49.56,51.01,47.25,48.03,49.09,49.03,51.71,67.58,72.66,54.4042,0,54.9220,0,128010,216958,-1.5057,-1.5828,0.0771,5.67
2026-04-15,49.00,51.92,48.69,51.36,49.33,49.00,51.65,67.27,72.47,54.4042,0,54.4151,0,154563,215605,-1.1786,-1.5020,0.3234,6.41
2026-04-16,53.06,53.72,51.52,51.94,49.67,48.99,51.64,67.08,72.29,54.4042,0,53.9285,0,167288,212135,-0.8627,-1.3741,0.5115,6.59
2026-04-17,54.26,54.42,51.72,52.34,49.76,49.06,51.65,66.91,72.12,54.4042,0,42.2500,1,205482,209089,-0.5734,-1.2140,0.6406,6.26
2026-04-20,52.00,53.74,51.79,53.60,50.03,49.28,51.76,66.77,71.96,54.4042,0,42.4934,1,113503,203741,-0.2397,-1.0191,0.7794,6.55
2026-04-21,53.82,56.50,53.73,54.02,50.15,49.42,51.82,66.62,71.79,54.4042,0,42.7319,1,202472,202178,0.0580,-0.8037,0.8617,7.03
2026-04-22,54.84,55.82,53.97,55.24,50.51,49.78,51.84,66.49,71.61,45.5391,1,43.2827,1,141558,199923,0.3879,-0.5654,0.9532,8.07
2026-04-23,53.25,53.25,49.88,51.03,51.00,49.97,51.74,66.34,71.44,45.5391,1,43.8113,1,169246,198324,0.3061,-0.3911,0.6972,5.67
2026-04-24,51.66,52.76,50.26,52.28,51.84,50.20,51.69,66.17,71.24,45.5391,1,44.3189,1,133717,197478,0.3382,-0.2452,0.5834,7.92
2026-04-27,52.35,54.05,51.36,53.26,52.31,50.58,51.69,65.99,71.07,45.5391,1,44.8061,1,141171,196995,0.4377,-0.1086,0.5463,7.99
2026-04-28,53.10,55.79,53.10,54.58,52.96,51.03,51.69,65.82,70.92,45.5391,1,45.2739,1,148621,197546,0.6160,0.0363,0.5797,11.13
2026-04-29,54.00,54.28,52.69,53.68,53.20,51.26,51.69,65.63,70.76,45.5391,1,45.7229,1,151517,197475,0.6768,0.1644,0.5124,11.28
2026-04-30,53.12,53.85,52.09,53.18,53.32,51.49,51.67,65.46,70.59,45.5391,1,46.1540,1,128483,197325,0.6769,0.2669,0.4100,11.06
2026-05-01,55.75,56.97,54.40,55.07,53.59,51.68,51.69,65.28,70.43,46.7230,1,46.5679,1,144322,197923,0.8200,0.3775,0.4425,13.68
2026-05-04,55.19,58.19,55.19,57.93,54.03,52.03,51.84,65.12,70.29,47.6882,1,47.1920,1,190144,197682,1.1509,0.5322,0.6187,19.91
2026-05-05,58.00,59.16,56.44,57.13,54.34,52.25,52.04,64.94,70.13,48.8824,1,48.0718,1,122738,196435,1.3333,0.6924,0.6409,20.57
2026-05-06,56.96,57.93,55.51,57.78,54.59,52.55,52.17,64.78,69.99,48.8824,1,49.1806,1,183972,196107,1.5128,0.8565,0.6563,17.77
2026-05-07,61.00,62.47,60.38,61.49,55.64,53.32,52.36,64.64,69.88,52.1413,1,50.1786,1,297728,199689,1.9322,1.0716,0.8605,21.42
2026-05-08,60.30,62.49,59.32,62.34,56.64,54.24,52.52,64.49,69.76,52.1413,1,51.6536,1,226251,201535,2.3065,1.3186,0.9879,21.37
2026-05-11,61.46,62.93,61.10,62.17,57.54,54.92,52.73,64.36,69.65,53.0903,1,53.1707,1,169855,202248,2.5600,1.5669,0.9931,23.14
2026-05-12,61.81,62.04,60.10,60.47,58.12,55.54,52.86,64.21,69.52,53.0903,1,54.7321,1,153914,201859,2.5937,1.7723,0.8215,21.44
2026-05-13,59.61,60.47,58.04,59.48,58.70,55.95,52.97,64.08,69.38,53.0903,1,56.0438,1,164700,202241,2.5117,1.9201,0.5915,19.75
2026-05-14,59.50,63.62,58.60,62.80,59.67,56.49,53.13,63.94,69.25,53.0903,1,57.1456,1,199283,203396,2.6836,2.0728,0.6108,26.57
2026-05-15,62.60,64.58,61.76,63.77,60.54,57.06,53.29,63.79,69.09,54.0702,1,58.0400,1,201341,203230,2.8651,2.2313,0.6338,29.59
2026-05-18,62.94,65.40,62.23,64.98,61.24,57.63,53.45,63.67,68.94,54.6747,1,58.6020,1,184491,202974,3.0712,2.3993,0.6719,30.46
2026-05-19,65.99,67.31,64.08,64.33,61.96,58.15,53.59,63.55,68.83,56.4997,1,59.9616,1,245593,203837,3.1458,2.5486,0.5972,36.84
2026-05-20,64.46,67.22,63.30,66.89,62.87,58.73,53.81,63.47,68.70,56.4997,1,61.4313,1,269199,206033,3.3726,2.7134,0.6592,44.77
2026-05-21,66.00,66.54,64.68,64.79,63.20,59.42,53.95,63.37,68.59,56.4997,1,62.6070,1,134854,205628,3.3443,2.8396,0.5048,32.87
2026-05-22,65.00,67.22,64.89,66.59,63.63,60.14,54.20,63.29,68.46,57.0745,1,63.3000,1,161667,198291,3.4277,2.9572,0.4705,36.14
2026-05-26,67.07,69.53,64.93,68.31,64.24,60.89,54.50,63.24,68.35,57.7653,1,64.1020,1,213380,192184,3.5911,3.0840,0.5071,37.32
2026-05-27,65.24,67.00,64.52,65.81,64.77,61.45,54.79,63.15,68.24,57.7653,1,69.5300,0,251374,190663,3.4788,3.1629,0.3159,34.96
2026-05-28,65.99,72.35,65.99,70.32,65.86,62.28,55.15,63.08,68.17,58.5178,1,64.5180,1,302017,192029,3.7110,3.2725,0.4384,39.44
2026-05-29,72.00,78.88,71.01,78.63,67.44,63.55,55.68,63.10,68.12,62.7900,1,64.5180,1,425262,195121,4.5135,3.5207,0.9927,57.25
2026-06-01,79.75,86.46,79.15,85.07,69.57,65.05,56.36,63.15,68.10,69.5155,1,65.0925,1,611177,203439,5.6045,3.9375,1.6670,69.83
2026-06-02,81.60,84.51,80.59,82.33,71.31,66.27,57.03,63.19,68.09,69.5155,1,66.3742,1,430355,202720,6.1768,4.3854,1.7915,61.49
2026-06-03,80.73,80.73,76.09,79.46,72.82,67.39,57.59,63.20,68.06,69.5155,1,67.5791,1,424992,206492,6.3259,4.7735,1.5525,54.91
2026-06-04,77.50,78.25,75.71,77.00,73.83,68.35,58.17,63.20,68.02,69.5155,1,68.7116,1,711796,216805,6.1744,5.0537,1.1207,47.34
2026-06-05,77.00,78.08,71.99,73.41,74.69,68.95,58.69,63.21,67.97,69.5155,1,69.7762,1,696837,227274,5.6989,5.1827,0.5162,43.44
2026-06-08,73.40,74.00,70.77,71.73,75.21,69.42,59.18,63.22,67.90,69.5155,1,86.4550,0,325934,231009,5.1275,5.1717,-0.0442,38.25
2026-06-09,70.40,72.67,67.94,71.74,75.55,69.90,59.70,63.19,67.83,69.5155,1,86.1413,0,314056,233714,4.6221,5.0618,-0.4397,40.60
2026-06-10,70.28,75.32,70.10,71.32,76.10,70.44,60.21,63.16,67.74,69.5155,1,85.4132,0,248186,234986,4.1400,4.8774,-0.7374,40.69
2026-06-11,70.28,72.18,67.57,71.45,76.21,71.04,60.66,63.16,67.66,69.5155,1,84.7143,0,258077,236209,3.7254,4.6470,-0.9216,42.51
2026-06-12,71.39,71.75,67.81,68.19,75.17,71.31,61.05,63.13,67.58,83.4443,0,83.6857,0,280711,239822,3.0981,4.3372,-1.2391,36.46
2026-06-15,69.54,70.46,67.00,69.79,73.64,71.61,61.42,63.12,67.49,82.0659,0,82.7187,0,267254,241755,2.6990,4.0096,-1.3106,37.38
2026-06-16,69.50,71.12,68.51,69.18,72.33,71.82,61.79,63.09,67.37,82.0659,0,81.4612,0,174610,243167,2.3069,3.6690,-1.3622,37.16
2026-06-17,69.44,71.00,67.65,69.24,71.31,72.06,62.12,63.05,67.27,81.8368,0,80.3043,0,188928,244115,1.9781,3.3309,-1.3527,41.67
2026-06-18,69.19,70.49,66.37,70.22,70.63,72.23,62.49,63.01,67.18,80.9266,0,79.2400,0,507838,249748,1.7762,3.0199,-1.2437,39.61
2026-06-22,69.27,73.87,68.55,70.53,70.34,72.52,62.97,62.99,67.09,80.9266,0,77.9530,0,367490,251253,1.6225,2.7404,-1.1179,46.59
2026-06-23,70.43,75.15,69.51,74.24,70.59,72.90,63.58,63.01,67.03,80.9266,0,76.7947,0,368995,252613,1.7795,2.5483,-0.7687,58.04
2026-06-24,73.43,76.20,72.74,74.52,70.87,73.21,64.10,63.03,66.95,80.9266,0,66.3700,1,194698,251993,1.9046,2.4195,-0.5149,55.06
2026-06-25,71.78,73.08,69.75,71.02,70.84,73.47,64.56,63.04,66.83,80.9266,0,66.5667,1,250296,254439,1.7017,2.2760,-0.5743,50.22
2026-06-26,70.83,72.67,70.06,72.33,70.93,73.57,64.98,63.06,66.70,80.9266,0,66.7594,1,277523,256898,1.6279,2.1463,-0.5185,52.11
2026-06-29,74.00,77.88,72.32,76.52,71.76,73.46,65.47,63.11,66.68,80.9266,0,66.9483,1,250389,258560,1.8857,2.0942,-0.2085,58.42
2026-06-30,75.36,81.73,75.36,80.28,72.81,73.22,66.03,63.19,66.69,80.9266,0,67.3856,1,359767,261646,2.3661,2.1486,0.2175,66.42
2026-07-01,81.40,83.99,80.43,82.01,74.09,73.21,66.60,63.29,66.72,68.8610,1,68.2463,1,389720,267170,2.8536,2.2896,0.5640,63.86
2026-07-02,81.39,84.50,81.39,83.64,75.53,73.42,67.19,63.40,66.77,69.9979,1,69.5058,1,253145,268183,3.3330,2.4983,0.8347,67.79
2026-07-06,82.78,89.35,82.60,87.36,77.24,73.94,67.83,63.53,66.83,72.2936,1,71.0052,1,355651,272465,3.9674,2.7921,1.1753,72.37
2026-07-07,89.17,89.80,84.72,87.04,78.90,74.62,68.55,63.65,66.89,73.4250,1,73.2066,1,246889,274018,4.3937,3.1124,1.2813,77.61
2026-07-08,86.15,87.50,83.28,84.40,79.91,75.25,69.20,63.75,66.92,73.4250,1,75.5296,1,234303,276030,4.4670,3.3834,1.0837,80.91
2026-07-09,82.70,88.88,81.54,88.75,81.33,76.10,69.91,63.89,66.97,73.4250,1,77.5275,1,249086,278188,4.8206,3.6708,1.1498,85.25
2026-07-10,89.50,90.44,83.78,84.38,82.67,76.75,70.50,63.99,66.99,73.4250,1,79.2456,1,210005,279416,4.6940,3.8754,0.8186,78.85
2026-07-13,82.82,84.79,81.41,83.84,83.82,77.37,71.10,64.07,67.00,73.4250,1,81.0367,1,242826,281242,4.4983,4.0000,0.4983,80.13
2026-07-14,82.77,89.80,82.67,88.05,84.98,78.37,71.80,64.19,67.04,73.4250,1,81.4100,1,324306,285159,4.6295,4.1259,0.5036,80.86
2026-07-15,89.34,89.85,79.48,80.38,84.98,78.90,72.31,64.15,67.04,73.4250,1,90.4400,0,344951,289171,4.0678,4.1143,-0.0465,70.05
2026-07-16,81.00,81.49,78.34,79.82,84.77,79.43,72.75,64.09,67.02,73.4250,1,90.2208,0,146358,288295,3.5366,3.9987,-0.4622,68.16
2026-07-17,77.46,80.10,76.75,78.97,84.30,79.91,73.18,64.00,67.00,73.4250,1,89.8540,0,187040,289581,3.0123,3.8015,-0.7891,65.28
2026-07-20,78.22,80.12,77.90,78.18,83.38,80.31,73.59,63.93,66.98,73.4250,1,89.0681,0,122571,288353,2.5042,3.5420,-1.0378,64.00
2026-07-21,78.27,79.24,74.79,75.80,82.26,80.58,73.88,63.85,66.95,73.4250,1,88.3293,0,169792,285795,1.8877,3.2112,-1.3234,53.50
2026-07-22,75.45,75.61,73.00,73.69,81.19,80.55,74.10,63.80,66.90,73.4250,1,87.2461,0,134477,283959,1.2149,2.8119,-1.5970,61.44
2026-07-23,73.77,74.25,71.56,72.63,79.57,80.45,74.31,63.75,66.85,86.2092,0,85.8215,0,135760,283277,0.5893,2.3674,-1.7780,55.69
2026-07-24,73.79,73.95,71.57,73.24,78.46,80.57,74.57,63.72,66.80,85.4478,0,84.1101,0,102053,282240,0.1412,1.9221,-1.7810,57.11
2026-07-27,74.77,76.45,73.61,74.82,77.56,80.69,74.88,63.73,66.78,85.4478,0,82.6041,0,142652,281799,-0.0855,1.5206,-1.6061,60.04
2026-07-28,74.47,74.47,67.31,71.45,75.90,80.44,75.05,63.70,66.71,84.2893,0,81.2788,0,245831,282730,-0.5310,1.1103,-1.6413,53.95
2026-07-29,71.71,73.97,71.10,71.91,75.05,80.02,75.21,63.66,66.64,84.2893,0,79.3232,0,160553,281914,-0.8372,0.7208,-1.5580,62.50
2026-07-30,72.50,73.02,69.96,71.58,74.23,79.50,75.34,63.60,66.59,84.0375,0,77.6413,0,141421,281053,-1.0940,0.3578,-1.4518,58.61
2026-07-31,72.07,73.67,70.13,72.36,73.57,78.93,75.50,63.56,66.53,84.0375,0,76.1950,0,131536,278772,-1.2204,0.0422,-1.2626,59.32
2026-08-03,74.47,75.02,73.08,74.74,73.22,78.30,75.66,63.53,66.52,84.0375,0,67.3100,1,176416,276916,-1.1157,-0.1894,-0.9263,62.31
2026-08-04,76.01,81.44,75.64,80.99,73.74,78.00,75.99,63.55,66.53,84.0375,0,67.4642,1,250202,279223,-0.5224,-0.2560,-0.2664,71.85
2026-08-05,82.40,84.90,81.28,84.81,74.85,78.02,76.35,63.59,66.56,70.4563,1,68.0232,1,317274,282335,0.2531,-0.1542,0.4073,74.70
2026-08-06,82.01,84.87,80.66,84.60,76.05,77.81,76.68,63.64,66.60,70.4563,1,69.0358,1,203869,282145,0.8411,0.0449,0.7962,74.77
2026-08-07,87.85,91.05,86.99,90.07,77.73,78.10,77.16,63.73,66.65,75.7150,1,69.9877,1,364459,284407,1.7285,0.3816,1.3469,81.13
2026-08-10,90.82,99.95,90.00,97.91,80.04,78.80,77.71,63.88,66.74,80.0155,1,71.6727,1,586393,290094,3.0295,0.9112,2.1183,87.85
2026-08-11,97.28,99.36,95.75,96.93,82.59,79.24,78.08,64.04,66.84,83.0091,1,74.5004,1,339652,288382,3.9361,1.5162,2.4199,87.60
2026-08-12,96.28,97.59,94.75,96.73,85.07,80.06,78.31,64.18,66.94,83.0091,1,77.0454,1,335740,282873,4.5856,2.1301,2.4555,85.44
2026-08-13,97.67,105.28,96.90,105.09,88.42,81.33,78.77,64.37,67.08,85.9748,1,79.3358,1,463090,283528,5.7091,2.8459,2.8632,89.50
2026-08-14,105.89,106.50,101.46,102.23,91.41,82.49,79.22,64.57,67.20,88.8643,1,82.4491,1,263610,280300,6.2961,3.5359,2.7602,88.40
2026-08-17,101.50,102.57,98.37,101.02,94.04,83.63,79.70,64.77,67.33,88.8643,1,85.8162,1,331679,272698,6.5877,4.1463,2.4415,88.62
2026-08-18,99.56,104.20,98.50,100.55,95.99,84.87,80.25,64.97,67.47,88.8643,1,88.7120,1,334258,265446,6.7037,4.6578,2.0459,88.18
2026-08-19,101.31,101.70,96.39,99.78,97.49,86.17,80.81,65.16,67.62,88.8643,1,91.2023,1,334463,265617,6.6567,5.0575,1.5991,88.91
2026-08-20,99.72,100.63,97.29,97.52,98.78,87.42,81.32,65.36,67.73,88.8643,1,93.3440,1,277717,264890,6.3637,5.3188,1.0449,87.41
2026-08-21,97.12,100.34,94.64,100.09,99.78,88.76,81.90,65.57,67.85,88.8643,1,106.5000,0,212701,264181,6.2667,5.5084,0.7583,87.82
2026-08-24,99.47,100.44,97.02,98.04,99.80,89.92,82.43,65.77,67.98,88.8643,1,106.2628,0,194100,262901,5.9557,5.5978,0.3579,87.34
2026-08-25,97.98,98.79,90.15,92.65,99.37,90.98,82.92,65.96,68.08,88.8643,1,106.0303,0,346354,264214,5.2142,5.5211,-0.3069,79.45
2026-08-26,90.50,96.99,90.50,96.13,99.31,92.19,83.45,66.17,68.20,88.8643,1,105.3951,0,210111,263071,4.8515,5.3872,-0.5357,82.33
2026-08-27,101.99,107.91,101.50,107.02,99.50,93.96,84.20,66.45,68.37,88.8643,1,90.1500,1,916883,277916,5.3807,5.3859,-0.0052,85.75
2026-08-28,98.95,107.37,93.00,93.05,98.58,95.00,84.68,66.63,68.45,88.8643,1,90.5000,1,878336,291705,4.6196,5.2326,-0.6130,71.12
2026-08-31,92.83,93.51,88.69,93.04,97.79,95.91,85.13,66.80,68.54,88.8643,1,107.9100,0,503840,291625,3.9699,4.9801,-1.0102,71.99
2026-09-01,91.70,94.00,87.60,88.40,96.57,96.28,85.49,66.97,68.61,109.7183,0,107.5256,0,288149,290038,3.0454,4.5931,-1.5477,70.61
2026-09-02,89.00,89.58,86.02,87.18,95.31,96.40,85.75,67.13,68.70,106.6573,0,106.7286,0,281339,288285,2.1891,4.1123,-1.9232,68.47
2026-09-03,89.33,93.00,88.90,92.14,94.77,96.78,86.10,67.36,68.80,106.6573,0,105.4861,0,360009,291591,1.8889,3.6677,-1.7787,79.12
2026-09-04,92.14,94.61,91.77,93.67,94.13,96.96,86.56,67.61,68.92,106.6573,0,104.3181,0,197765,290540,1.7543,3.2850,-1.5307,80.25
2026-09-08,93.27,93.31,89.82,91.63,93.49,96.64,86.94,67.86,69.03,106.6573,0,103.2202,0,193788,288866,1.4661,2.9212,-1.4551,80.18
2026-09-09,92.02,93.00,88.70,88.82,93.11,96.24,87.19,68.10,69.13,106.6573,0,102.1882,0,245907,288776,0.9994,2.5368,-1.5375,79.34
2026-09-10,88.82,92.92,87.13,88.91,92.39,95.85,87.36,68.35,69.23,106.6573,0,101.2181,0,257715,286735,0.6295,2.1554,-1.5258,82.44
2026-09-11,89.90,90.24,85.78,86.65,90.35,94.93,87.45,68.60,69.33,104.4113,0,100.3062,0,259006,284121,0.1523,1.7548,-1.6025,76.50
2026-09-14,90.15,100.50,89.12,100.20,91.06,94.82,87.78,68.93,69.50,104.4113,0,85.7800,1,545369,289965,0.8576,1.5753,-0.7177,89.97
2026-09-15,98.00,103.68,97.60,103.55,92.12,94.95,88.11,69.26,69.67,104.4113,0,85.7800,1,387142,290595,1.6676,1.5938,0.0738,91.00
2026-09-16,101.97,105.55,101.00,104.98,93.77,95.17,88.47,69.59,69.86,84.9464,1,86.4958,1,319286,292043,2.3973,1.7545,0.6428,92.67
2026-09-17,102.56,108.97,101.38,107.83,95.84,95.58,88.94,69.94,70.05,86.4023,1,87.6391,1,431687,295991,3.1691,2.0374,1.1317,93.26
2026-09-18,108.55,109.00,103.13,106.71,97.30,96.03,89.30,70.30,70.24,87.4085,1,89.3455,1,548745,301984,3.6483,2.3596,1.2887,91.95
2026-09-21,107.57,113.16,106.00,112.96,99.22,96.68,89.87,70.69,70.46,90.6412,1,91.3110,1,376166,305307,4.4807,2.7838,1.6969,93.51
